Workbook

Sheet 1.Quy trình
A1: QUY TRÌNH XỬ LÝ GIÁ SAU TIẾP NHẬN ĐƠN HÀNG NHÀ MÁY DEGO
A3: TỔNG QUAN
A4: Tiếp nhận đơn → Kiểm tra mã → Kiểm tra giá → Tính giá → Kiểm soát → Duyệt → Cập nhật hệ thống
A6: STT | B6: Công đoạn | C6: Nội dung thực hiện | D6: Kết quả | E6: Trách nhiệm | F6: Biểu mẫu | G6: Ghi chú | H6: Hình minh hoạ 1 | I6: Hình minh hoạ 2 | J6: Hình minh hoạ 3
A7: 1 | B7: Tiếp nhận đơn | C7: 1. Điều phối tiếp nhận đơn hàng KD vào drive "SX-ĐIỀU PHỐI THÀNH PHẨM" sheet "ĐIỀU PHỐI" | D7: Đơn hàng được ghi nhận đầy đủ, chính xác Làm cơ sở dữ liệu đầu vào cho toàn bộ quy trình | E7: KD-> Điều phối | F7: SX-ĐIỀU PHỐI THÀNH PHẨM | G7: Hình minh hoạ 1: ĐIỀU PHỐI
A8: 2 | B8: Thực hiện kiểm tra đơn hàng | C8: 1. Vào dvire "SX-ĐIỀU PHỐI THÀNH PHẨM" vào sheet" ĐIỀU PHỐI" chọn (cột B) NCC đề xuất lọc NCC Dego Cần Thơ. | D8: Hiển thị các đơn hàng cần kiểm tra giá. | E8: Nhà máy | F8: SX-ĐIỀU PHỐI THÀNH PHẨM | G8: Hình minh hoạ 1: ĐIỀU PHỐI Hình minh hoạ 2: HÀNG NGÀY 2026
C9: 2. Kiểm tra từng đơn hàng: Thương hiệu, Mã hàng, Tên pháp lý, Công thức, Giá bán khách hàng,… → Nếu thiếu thông tin, yêu cầu bổ sung ngay trước khi xử lý tiếp. Bắt buộc cập nhật: Mã công thức → Đảm bảo sử dụng đúng công thức, tránh sai giá (do cùng công thức nhưng mỗi thương hiệu có giá khác nhau). Giá bán khách hàng → Trường hợp không cung cấp giá bán, nếu phát sinh âm biên lợi nhuận thì BPYC tự chịu trách nhiệm. | D9: Dữ liệu đơn hàng đầy đủ, chính xác Đủ điều kiện để tính giá, hạn chế sai và âm lợi nhuận
C10: 3. Cập nhật đơn hàng vào sheet “2. HÀNG NGÀY 2026” (Drive “CẬP NHẬT ĐƠN HÀNG HẰNG NGÀY”) → Kiểm tra công thức từ sheet “ĐIỀU PHỐI” → Copy dữ liệu từ cột B đến cột Q và dán vào file theo dõi | D10: Đơn hàng được cập nhật đầy đủ, đúng công thức Dữ liệu đồng bộ, sẵn sàng cho bước tính giá → Tiến hành so sánh và kiểm tra lại công thức của đơn hàng đã cập nhật.
A11: 3 | B11: Kiểm tra trạng thái công thức | C11: B1. Lấy mã công thức (cột K) theo đơn hàng trên sheet “ĐIỀU PHỐI” của Drive "SX-ĐIỀU PHỐI THÀNH PHẨM" | D11: Xác định rõ công thức đã có hay chưa Cập nhật trạng thái xử lý Đảm bảo đơn hàng được xử lý đúng tiến độ | E11: Nhà máy, Lab | F11: SX-ĐIỀU PHỐI THÀNH PHẨM
C12: B2. Vào Drive “Giá BTP PB bàn giao Nhà máy” → mở sheet “11. DANH SÁCH MÃ HÀNG GẮN VỚI CTPB KD” | F12: Drive Giá BTP PB bàn giao Nhà máy
C13: B3. Kiểm tra công thức theo mã hàng / mã công thức: Trường hợp 1: Công thức cũ (đã có giá BTP) → Copy công thức cũ vào cột R sheet “2. HÀNG NGÀY 2026” (để theo dõi, kiểm soát sai/đổi công thức) → Cập nhật trạng thái cột BE (Xử lý giá vốn Hương): “Đã có giá, chờ Lab phản hồi” trên drive "SX-ĐIỀU PHỐI THÀNH PHẨM" Trường hợp 2: Công thức mới (chưa có giá) → Gửi mã công thức + đơn hàng vào nhóm Zalo “SX – CẬP NHẬT LINK BDM MẪU” cho Lab → Cập nhật trạng thái cột BE: “Chưa có công thức lab” Trên drive "SX-ĐIỀU PHỐI THÀNH PHẨM" → Chờ Lab xử lý: - Lab cập nhật mã công thức và giá vốn.. - Gửi giá vốn cho KD -> đợi KD xác nhận giá → cho đi đơn hàng/huỷ đơn/tạm ngưng. | F13: Drive Giá BTP PB bàn giao Nhà máy
C14: B4. Chờ Lab kiểm tra đơn hàng tại sheet “4.DEGO CẦN THƠ” | F14: CẬP NHẬT ĐƠN HÀNG PHÁT SINH HÀNG NGÀY
C15: B5. Lab cập nhật công thức theo dơn hàng vào sheet “3. Công thức lab theo từng mã hàng” → Theo dõi tiến độ để đảm bảo đơn hàng xử lý đúng hạn. | F15: CẬP NHẬT ĐƠN HÀNG PHÁT SINH HÀNG NGÀY
A16: 4 | B16: Xử lý giá | C16: Vào Drive “Giá BTP PB bàn giao Nhà máy” → sheet “11. DANH SÁCH MÃ HÀNG GẮN VỚI CTPB KD” để xử lý giá: | D16: Mỗi đơn hàng được xử lý đúng theo từng trường hợp Đảm bảo kiểm soát giá, tránh sai và hạn chế âm lợi nhuận | E16: Nhà máy, Lab | F16: Drive Giá BTP PB bàn giao Nhà máy
C17: Trường hợp 1: Mã cũ – công thức cũ → Kiểm tra mã hàng và giá bán khách hàng 1. Giá bán không đổi → Duyệt giá, cho đi đơn 2. Giá bán tăng → Vẫn cho đi đơn 3. Giá bán giảm → Thông báo KD xác nhận: - Đồng ý → Đi đơn - Không đồng ý →Đợi KD phản hồi lại giá hoặc huỷ đơn hàng theo yêu cầu của KD → Cập nhật lại thông tin vào Drive
C18: Trường hợp 2: Mã cũ – công thức mới → Kiểm tra thông tin KD đã nhập. Nếu KD nhập sai → Yêu cầu KD chỉnh sửa lại. Nếu đúng và đã xác nhận có cải tiến công thức: → Thực hiện quy trình hỏi công thức và giá Lab → Sau khi lab phản hồi: - Có giá vốn -> báo giá cho KD 1. xác nhận → Duyệt, cho đi đơn 2. chưa xác nhận → Tạm ngưng hoặc hủy đơn
C19: Trường hợp 3: Mã mới – công thức mới → Thực hiện quy trình hỏi công thức và giá mẫu Lab → Sau khi có giá: - Có giá vốn -> báo giá cho KD 1. xác nhận → Duyệt, cho đi đơn 2. chưa xác nhận → Tạm ngưng hoặc hủy đơn
A20: 5 | B20: Xác nhận và theo dõi đơn hàng | C20: Hoàn tất các bước kiểm tra giá: vào drive " SX-ĐIỀU PHỐI THÀNH PHẨM" sheet "Điều phối" - Cập nhật trạng thái phù hợp với từng đơn hàng tại cột BF (Xử lý giá vốn Hương): Đã xử lý giá Chưa có công thức lab Đã có giá, chờ Lab phản hồi Chưa có thông tin công thức đơn hàng từ KD KD huỷ đơn Kèm theo ghi chú chi tiết vào cột BG (Ghi chú) | D20: Trạng thái đơn hàng được cập nhật rõ ràng Dễ theo dõi và kiểm soát tiến độ xử lý | E20: Nhà máy | F20: SX-ĐIỀU PHỐI THÀNH PHẨM | G20: Hình minh hoạ 1: ĐIỀU PHỐI duyệt giá cho đi đơn hàng

Sheet 3. Công thức lab theo từng mã h
A2: =IFERROR(__xludf.DUMMYFUNCTION("IMPORTRANGE(""https://docs.google.com/spreadsheets/d/1JLA1lPRqgRUG4HROAt93tplO_kWfItwG1V1S9I1AmOc/edit?gid=312821278#gid=312821278"",""DATA LIÊN KẾT MÃ CT - MÃ HÀNG!A2:R"")"),"Công thức") -> Công thức | B2: =IFERROR(__xludf.DUMMYFUNCTION("""COMPUTED_VALUE"""),"Công thức") -> Công thức | C2: =IFERROR(__xludf.DUMMYFUNCTION("""COMPUTED_VALUE"""),"Công thức") -> Công thức | D2: =IFERROR(__xludf.DUMMYFUNCTION("""COMPUTED_VALUE"""),"Click chọn") -> Click chọn | E2: =IFERROR(__xludf.DUMMYFUNCTION("""COMPUTED_VALUE"""),"Công thức") -> Công thức | F2: =IFERROR(__xludf.DUMMYFUNCTION("""COMPUTED_VALUE"""),"Nhập") -> Nhập | G2: =IFERROR(__xludf.DUMMYFUNCTION("""COMPUTED_VALUE"""),"Công thức") -> Công thức | H2: =IFERROR(__xludf.DUMMYFUNCTION("""COMPUTED_VALUE"""),"Công thức") -> Công thức | I2: =IFERROR(__xludf.DUMMYFUNCTION("""COMPUTED_VALUE"""),"Công thức") -> Công thức | J2: =IFERROR(__xludf.DUMMYFUNCTION("""COMPUTED_VALUE"""),"Công thức") -> Công thức | K2: =IFERROR(__xludf.DUMMYFUNCTION("""COMPUTED_VALUE"""),"Công thức") -> Công thức | L2: =IFERROR(__xludf.DUMMYFUNCTION("""COMPUTED_VALUE"""),"Công thức") -> Công thức | M2: =IFERROR(__xludf.DUMMYFUNCTION("""COMPUTED_VALUE"""),"Công thức") -> Công thức | N2: =IFERROR(__xludf.DUMMYFUNCTION("""COMPUTED_VALUE"""),"Click chọn") -> Click chọn | O2: =IFERROR(__xludf.DUMMYFUNCTION("""COMPUTED_VALUE"""),"Công thức") -> Công thức | P2: =IFERROR(__xludf.DUMMYFUNCTION("""COMPUTED_VALUE"""),"Công thức") -> Công thức | Q2: =IFERROR(__xludf.DUMMYFUNCTION("""COMPUTED_VALUE"""),"Công thức") -> Công thức | R2: =IFERROR(__xludf.DUMMYFUNCTION("""COMPUTED_VALUE"""),"Nhập") -> Nhập
A3: =IFERROR(__xludf.DUMMYFUNCTION("""COMPUTED_VALUE"""),"STT") -> STT | B3: =IFERROR(__xludf.DUMMYFUNCTION("""COMPUTED_VALUE"""),"Ngày nhập BĐM") -> Ngày nhập BĐM | C3: =IFERROR(__xludf.DUMMYFUNCTION("""COMPUTED_VALUE"""),"Số lần cập nhật CT cho HH") -> Số lần cập nhật CT cho HH | D3: =IFERROR(__xludf.DUMMYFUNCTION("""COMPUTED_VALUE"""),"Phân loại") -> Phân loại | E3: =IFERROR(__xludf.DUMMYFUNCTION("""COMPUTED_VALUE"""),"Ngày yêu cầu (KD)") -> Ngày yêu cầu (KD) | F3: =IFERROR(__xludf.DUMMYFUNCTION("""COMPUTED_VALUE"""),"Mã đơn đặt hàng (KD)") -> Mã đơn đặt hàng (KD) | G3: =IFERROR(__xludf.DUMMYFUNCTION("""COMPUTED_VALUE"""),"Mã HH (KD)") -> Mã HH (KD) | H3: =IFERROR(__xludf.DUMMYFUNCTION("""COMPUTED_VALUE"""),"Tên sản phẩm (KD)") -> Tên sản phẩm (KD) | I3: =IFERROR(__xludf.DUMMYFUNCTION("""COMPUTED_VALUE"""),"CTPL (KD)") -> CTPL (KD) | J3: =IFERROR(__xludf.DUMMYFUNCTION("""COMPUTED_VALUE"""),"Mã CT KD yêu cầu (KD)") -> Mã CT KD yêu cầu (KD) | K3: =IFERROR(__xludf.DUMMYFUNCTION("""COMPUTED_VALUE"""),"Ngày yêu cầu sẵn kho (KD)") -> Ngày yêu cầu sẵn kho (KD) | L3: =IFERROR(__xludf.DUMMYFUNCTION("""COMPUTED_VALUE"""),"Mã yêu cầu (LAB)") -> Mã yêu cầu (LAB) | M3: =IFERROR(__xludf.DUMMYFUNCTION("""COMPUTED_VALUE"""),"Tên mẫu (LAB)") -> Tên mẫu (LAB) | N3: =IFERROR(__xludf.DUMMYFUNCTION("""COMPUTED_VALUE"""),"Mã công thức (LAB)") -> Mã công thức (LAB) | O3: =IFERROR(__xludf.DUMMYFUNCTION("""COMPUTED_VALUE"""),"CTPL (LAB)") -> CTPL (LAB) | P3: =IFERROR(__xludf.DUMMYFUNCTION("""COMPUTED_VALUE"""),"CTPL (KD)") -> CTPL (KD) | Q3: =IFERROR(__xludf.DUMMYFUNCTION("""COMPUTED_VALUE"""),"Kiểm tra pháp lý (O:P)") -> Kiểm tra pháp lý (O:P) | R3: =IFERROR(__xludf.DUMMYFUNCTION("""COMPUTED_VALUE"""),"Tiến độ xử lý công thức (nguyên nhân chưa có công thức, thời gian dự kiến có công thức") -> Tiến độ xử lý công thức (nguyên nhân chưa có công thức, thời gian dự kiến có công thức
A4: =IFERROR(__xludf.DUMMYFUNCTION("""COMPUTED_VALUE"""),1.0) -> 1 | B4: =IFERROR(__xludf.DUMMYFUNCTION("""COMPUTED_VALUE"""),45885.0) -> 45885 | C4: =IFERROR(__xludf.DUMMYFUNCTION("""COMPUTED_VALUE"""),1.0) -> 1 | D4: =IFERROR(__xludf.DUMMYFUNCTION("""COMPUTED_VALUE"""),"CT MỚI") -> CT MỚI | G4: =IFERROR(__xludf.DUMMYFUNCTION("""COMPUTED_VALUE"""),"HH3887") -> HH3887 | H4: =IFERROR(__xludf.DUMMYFUNCTION("""COMPUTED_VALUE"""),"IDA Global - I - 3887 - VG RICE 01 - 500ml - 40") -> IDA Global - I - 3887 - VG RICE 01 - 500ml - 40 | I4: =IFERROR(__xludf.DUMMYFUNCTION("""COMPUTED_VALUE"""),"#N/A") -> #N/A | L4: =IFERROR(__xludf.DUMMYFUNCTION("""COMPUTED_VALUE"""),"I01180225-01") -> I01180225-01 | M4: =IFERROR(__xludf.DUMMYFUNCTION("""COMPUTED_VALUE"""),"VG RICE 01") -> VG RICE 01 | N4: =IFERROR(__xludf.DUMMYFUNCTION("""COMPUTED_VALUE"""),"13XL0014") -> 13XL0014 | O4: =IFERROR(__xludf.DUMMYFUNCTION("""COMPUTED_VALUE"""),"Phân bón Vi lượng AGAMA-SUPPORT") -> Phân bón Vi lượng AGAMA-SUPPORT | P4: =IFERROR(__xludf.DUMMYFUNCTION("""COMPUTED_VALUE"""),"#N/A") -> #N/A | Q4: =IFERROR(__xludf.DUMMYFUNCTION("""COMPUTED_VALUE"""),"KHÔNG KHỚP") -> KHÔNG KHỚP
A5: =IFERROR(__xludf.DUMMYFUNCTION("""COMPUTED_VALUE"""),2.0) -> 2 | B5: =IFERROR(__xludf.DUMMYFUNCTION("""COMPUTED_VALUE"""),45890.0) -> 45890 | C5: =IFERROR(__xludf.DUMMYFUNCTION("""COMPUTED_VALUE"""),1.0) -> 1 | D5: =IFERROR(__xludf.DUMMYFUNCTION("""COMPUTED_VALUE"""),"CT MỚI") -> CT MỚI | G5: =IFERROR(__xludf.DUMMYFUNCTION("""COMPUTED_VALUE"""),"HH3924") -> HH3924 | H5: =IFERROR(__xludf.DUMMYFUNCTION("""COMPUTED_VALUE"""),"BAMBOO MG KẼM") -> BAMBOO MG KẼM | I5: =IFERROR(__xludf.DUMMYFUNCTION("""COMPUTED_VALUE"""),"#N/A") -> #N/A | L5: =IFERROR(__xludf.DUMMYFUNCTION("""COMPUTED_VALUE"""),"BB26040725") -> BB26040725 | M5: =IFERROR(__xludf.DUMMYFUNCTION("""COMPUTED_VALUE"""),"BAMBOO MG KẼM LOTUS DIỆP LỤC") -> BAMBOO MG KẼM LOTUS DIỆP LỤC | N5: =IFERROR(__xludf.DUMMYFUNCTION("""COMPUTED_VALUE"""),"13XL0017") -> 13XL0017 | O5: =IFERROR(__xludf.DUMMYFUNCTION("""COMPUTED_VALUE"""),"Phân bón vi lượng Phú Sĩ FJ-09 Kẽm Mg") -> Phân bón vi lượng Phú Sĩ FJ-09 Kẽm Mg | P5: =IFERROR(__xludf.DUMMYFUNCTION("""COMPUTED_VALUE"""),"#N/A") -> #N/A | Q5: =IFERROR(__xludf.DUMMYFUNCTION("""COMPUTED_VALUE"""),"KHÔNG KHỚP") -> KHÔNG KHỚP
A6: =IFERROR(__xludf.DUMMYFUNCTION("""COMPUTED_VALUE"""),3.0) -> 3 | B6: =IFERROR(__xludf.DUMMYFUNCTION("""COMPUTED_VALUE"""),45890.0) -> 45890 | C6: =IFERROR(__xludf.DUMMYFUNCTION("""COMPUTED_VALUE"""),1.0) -> 1 | D6: =IFERROR(__xludf.DUMMYFUNCTION("""COMPUTED_VALUE"""),"CT MỚI") -> CT MỚI | G6: =IFERROR(__xludf.DUMMYFUNCTION("""COMPUTED_VALUE"""),"HH3933") -> HH3933 | H6: =IFERROR(__xludf.DUMMYFUNCTION("""COMPUTED_VALUE"""),"LOTUS AGROCHEM - VII - 3933 - LOTUS DIỆP LỤC (Nước trắng sữa) - 500ml - 40") -> LOTUS AGROCHEM - VII - 3933 - LOTUS DIỆP LỤC (Nước trắng sữa) - 500ml - 40 | I6: =IFERROR(__xludf.DUMMYFUNCTION("""COMPUTED_VALUE"""),"#N/A") -> #N/A | L6: =IFERROR(__xludf.DUMMYFUNCTION("""COMPUTED_VALUE"""),"BB26040725") -> BB26040725 | M6: =IFERROR(__xludf.DUMMYFUNCTION("""COMPUTED_VALUE"""),"BAMBOO MG KẼM LOTUS DIỆP LỤC") -> BAMBOO MG KẼM LOTUS DIỆP LỤC | N6: =IFERROR(__xludf.DUMMYFUNCTION("""COMPUTED_VALUE"""),"13XL0017") -> 13XL0017 | O6: =IFERROR(__xludf.DUMMYFUNCTION("""COMPUTED_VALUE"""),"Phân bón vi lượng Phú Sĩ FJ-09 Kẽm Mg") -> Phân bón vi lượng Phú Sĩ FJ-09 Kẽm Mg | P6: =IFERROR(__xludf.DUMMYFUNCTION("""COMPUTED_VALUE"""),"#N/A") -> #N/A | Q6: =IFERROR(__xludf.DUMMYFUNCTION("""COMPUTED_VALUE"""),"KHÔNG KHỚP") -> KHÔNG KHỚP
A7: =IFERROR(__xludf.DUMMYFUNCTION("""COMPUTED_VALUE"""),4.0) -> 4 | B7: =IFERROR(__xludf.DUMMYFUNCTION("""COMPUTED_VALUE"""),45887.0) -> 45887 | C7: =IFERROR(__xludf.DUMMYFUNCTION("""COMPUTED_VALUE"""),1.0) -> 1 | D7: =IFERROR(__xludf.DUMMYFUNCTION("""COMPUTED_VALUE"""),"CT MỚI") -> CT MỚI | G7: =IFERROR(__xludf.DUMMYFUNCTION("""COMPUTED_VALUE"""),"HH3790") -> HH3790 | H7: =IFERROR(__xludf.DUMMYFUNCTION("""COMPUTED_VALUE"""),"CANXI BO MASTER") -> CANXI BO MASTER | I7: =IFERROR(__xludf.DUMMYFUNCTION("""COMPUTED_VALUE"""),"#N/A") -> #N/A | M7: =IFERROR(__xludf.DUMMYFUNCTION("""COMPUTED_VALUE"""),"CANXI BO MASTER") -> CANXI BO MASTER | N7: =IFERROR(__xludf.DUMMYFUNCTION("""COMPUTED_VALUE"""),"10CR0015") -> 10CR0015 | O7: =IFERROR(__xludf.DUMMYFUNCTION("""COMPUTED_VALUE"""),"Phân bón Vi lượng AGAMA-CANXI BO") -> Phân bón Vi lượng AGAMA-CANXI BO | P7: =IFERROR(__xludf.DUMMYFUNCTION("""COMPUTED_VALUE"""),"#N/A") -> #N/A | Q7: =IFERROR(__xludf.DUMMYFUNCTION("""COMPUTED_VALUE"""),"KHÔNG KHỚP") -> KHÔNG KHỚP
A8: =IFERROR(__xludf.DUMMYFUNCTION("""COMPUTED_VALUE"""),5.0) -> 5 | B8: =IFERROR(__xludf.DUMMYFUNCTION("""COMPUTED_VALUE"""),45889.0) -> 45889 | C8: =IFERROR(__xludf.DUMMYFUNCTION("""COMPUTED_VALUE"""),1.0) -> 1 | D8: =IFERROR(__xludf.DUMMYFUNCTION("""COMPUTED_VALUE"""),"CT MỚI") -> CT MỚI | G8: =IFERROR(__xludf.DUMMYFUNCTION("""COMPUTED_VALUE"""),"HH3986") -> HH3986 | H8: =IFERROR(__xludf.DUMMYFUNCTION("""COMPUTED_VALUE"""),"STOP UP IDA") -> STOP UP IDA | I8: =IFERROR(__xludf.DUMMYFUNCTION("""COMPUTED_VALUE"""),"#N/A") -> #N/A | L8: =IFERROR(__xludf.DUMMYFUNCTION("""COMPUTED_VALUE"""),"CHẶN ĐỌT DÒNG V2") -> CHẶN ĐỌT DÒNG V2 | M8: =IFERROR(__xludf.DUMMYFUNCTION("""COMPUTED_VALUE"""),"STOP UP MT STOP AGRI STOP STOP ĐỌT SIÊU CHẶN ĐỌT MASTER STOP UNI STOP ONE BAMBOO DOUBLE STOP") -> STOP UP MT STOP AGRI STOP STOP ĐỌT SIÊU CHẶN ĐỌT MASTER STOP UNI STOP ONE BAMBOO DOUBLE STOP | N8: =IFERROR(__xludf.DUMMYFUNCTION("""COMPUTED_VALUE"""),"06CD0009V1") -> 06CD0009V1 | O8: =IFERROR(__xludf.DUMMYFUNCTION("""COMPUTED_VALUE"""),"Phân bón Vi lượng Quantity New") -> Phân bón Vi lượng Quantity New | P8: =IFERROR(__xludf.DUMMYFUNCTION("""COMPUTED_VALUE"""),"#N/A") -> #N/A | Q8: =IFERROR(__xludf.DUMMYFUNCTION("""COMPUTED_VALUE"""),"KHÔNG KHỚP") -> KHÔNG KHỚP
A9: =IFERROR(__xludf.DUMMYFUNCTION("""COMPUTED_VALUE"""),6.0) -> 6 | B9: =IFERROR(__xludf.DUMMYFUNCTION("""COMPUTED_VALUE"""),"") | C9: =IFERROR(__xludf.DUMMYFUNCTION("""COMPUTED_VALUE"""),1.0) -> 1 | D9: =IFERROR(__xludf.DUMMYFUNCTION("""COMPUTED_VALUE"""),"CT MỚI") -> CT MỚI | G9: =IFERROR(__xludf.DUMMYFUNCTION("""COMPUTED_VALUE"""),"04VG0021V1-160825") -> 04VG0021V1-160825 | H9: =IFERROR(__xludf.DUMMYFUNCTION("""COMPUTED_VALUE"""),"SUPER NANO") -> SUPER NANO | I9: =IFERROR(__xludf.DUMMYFUNCTION("""COMPUTED_VALUE"""),"#N/A") -> #N/A | L9: =IFERROR(__xludf.DUMMYFUNCTION("""COMPUTED_VALUE"""),"") | M9: =IFERROR(__xludf.DUMMYFUNCTION("""COMPUTED_VALUE"""),"") | N9: =IFERROR(__xludf.DUMMYFUNCTION("""COMPUTED_VALUE"""),"04VG0021V1") -> 04VG0021V1 | O9: =IFERROR(__xludf.DUMMYFUNCTION("""COMPUTED_VALUE"""),"") | P9: =IFERROR(__xludf.DUMMYFUNCTION("""COMPUTED_VALUE"""),"#N/A") -> #N/A | Q9: =IFERROR(__xludf.DUMMYFUNCTION("""COMPUTED_VALUE"""),"KHÔNG KHỚP") -> KHÔNG KHỚP
A10: =IFERROR(__xludf.DUMMYFUNCTION("""COMPUTED_VALUE"""),7.0) -> 7 | B10: =IFERROR(__xludf.DUMMYFUNCTION("""COMPUTED_VALUE"""),45885.0) -> 45885 | C10: =IFERROR(__xludf.DUMMYFUNCTION("""COMPUTED_VALUE"""),1.0) -> 1 | D10: =IFERROR(__xludf.DUMMYFUNCTION("""COMPUTED_VALUE"""),"CT MỚI") -> CT MỚI | G10: =IFERROR(__xludf.DUMMYFUNCTION("""COMPUTED_VALUE"""),"HH3588") -> HH3588 | H10: =IFERROR(__xludf.DUMMYFUNCTION("""COMPUTED_VALUE"""),"IDA Global - I - 3888 - VG RICE 02 - 500ml - 40") -> IDA Global - I - 3888 - VG RICE 02 - 500ml - 40 | I10: =IFERROR(__xludf.DUMMYFUNCTION("""COMPUTED_VALUE"""),"#N/A") -> #N/A | L10: =IFERROR(__xludf.DUMMYFUNCTION("""COMPUTED_VALUE"""),"I02180225") -> I02180225 | M10: =IFERROR(__xludf.DUMMYFUNCTION("""COMPUTED_VALUE"""),"VG RICE 02") -> VG RICE 02 | N10: =IFERROR(__xludf.DUMMYFUNCTION("""COMPUTED_VALUE"""),"04VG0033") -> 04VG0033 | O10: =IFERROR(__xludf.DUMMYFUNCTION("""COMPUTED_VALUE"""),"Phân bón NPK-Vi lượng HC CAN") -> Phân bón NPK-Vi lượng HC CAN | P10: =IFERROR(__xludf.DUMMYFUNCTION("""COMPUTED_VALUE"""),"#N/A") -> #N/A | Q10: =IFERROR(__xludf.DUMMYFUNCTION("""COMPUTED_VALUE"""),"KHÔNG KHỚP") -> KHÔNG KHỚP
A11: =IFERROR(__xludf.DUMMYFUNCTION("""COMPUTED_VALUE"""),8.0) -> 8 | B11: =IFERROR(__xludf.DUMMYFUNCTION("""COMPUTED_VALUE"""),45885.0) -> 45885 | C11: =IFERROR(__xludf.DUMMYFUNCTION("""COMPUTED_VALUE"""),1.0) -> 1 | D11: =IFERROR(__xludf.DUMMYFUNCTION("""COMPUTED_VALUE"""),"CT MỚI") -> CT MỚI | G11: =IFERROR(__xludf.DUMMYFUNCTION("""COMPUTED_VALUE"""),"HH3860") -> HH3860 | H11: =IFERROR(__xludf.DUMMYFUNCTION("""COMPUTED_VALUE"""),"IDA Global - I - 3860 - CỨNG CÂY 304 (Nước nâu đen) - 500ml - 40") -> IDA Global - I - 3860 - CỨNG CÂY 304 (Nước nâu đen) - 500ml - 40 | I11: =IFERROR(__xludf.DUMMYFUNCTION("""COMPUTED_VALUE"""),"#N/A") -> #N/A | L11: =IFERROR(__xludf.DUMMYFUNCTION("""COMPUTED_VALUE"""),"L01261124") -> L01261124 | M11: =IFERROR(__xludf.DUMMYFUNCTION("""COMPUTED_VALUE"""),"CỨNG CÂY 304") -> CỨNG CÂY 304 | N11: =IFERROR(__xludf.DUMMYFUNCTION("""COMPUTED_VALUE"""),"02CC0002V1") -> 02CC0002V1 | O11: =IFERROR(__xludf.DUMMYFUNCTION("""COMPUTED_VALUE"""),"Phân bón Hữu cơ SH Agro Organic Fertilizer 20") -> Phân bón Hữu cơ SH Agro Organic Fertilizer 20 | P11: =IFERROR(__xludf.DUMMYFUNCTION("""COMPUTED_VALUE"""),"#N/A") -> #N/A | Q11: =IFERROR(__xludf.DUMMYFUNCTION("""COMPUTED_VALUE"""),"KHÔNG KHỚP") -> KHÔNG KHỚP
A12: =IFERROR(__xludf.DUMMYFUNCTION("""COMPUTED_VALUE"""),9.0) -> 9 | B12: =IFERROR(__xludf.DUMMYFUNCTION("""COMPUTED_VALUE"""),45889.0) -> 45889 | C12: =IFERROR(__xludf.DUMMYFUNCTION("""COMPUTED_VALUE"""),1.0) -> 1 | D12: =IFERROR(__xludf.DUMMYFUNCTION("""COMPUTED_VALUE"""),"CT MỚI") -> CT MỚI | G12: =IFERROR(__xludf.DUMMYFUNCTION("""COMPUTED_VALUE"""),"HH3971") -> HH3971 | H12: =IFERROR(__xludf.DUMMYFUNCTION("""COMPUTED_VALUE"""),"GC - IV - 3971 - Cty Thành Công Agri - MASTER STOP (nước nâu đen V2) - 1L - 20") -> GC - IV - 3971 - Cty Thành Công Agri - MASTER STOP (nước nâu đen V2) - 1L - 20 | I12: =IFERROR(__xludf.DUMMYFUNCTION("""COMPUTED_VALUE"""),"#N/A") -> #N/A | L12: =IFERROR(__xludf.DUMMYFUNCTION("""COMPUTED_VALUE"""),"CHẶN ĐỌT DÒNG V2") -> CHẶN ĐỌT DÒNG V2 | M12: =IFERROR(__xludf.DUMMYFUNCTION("""COMPUTED_VALUE"""),"STOP UP MT STOP AGRI STOP STOP ĐỌT SIÊU CHẶN ĐỌT MASTER STOP UNI STOP ONE BAMBOO DOUBLE STOP") -> STOP UP MT STOP AGRI STOP STOP ĐỌT SIÊU CHẶN ĐỌT MASTER STOP UNI STOP ONE BAMBOO DOUBLE STOP | N12: =IFERROR(__xludf.DUMMYFUNCTION("""COMPUTED_VALUE"""),"06CD0009V1") -> 06CD0009V1 | O12: =IFERROR(__xludf.DUMMYFUNCTION("""COMPUTED_VALUE"""),"Phân bón Vi lượng Quantity New") -> Phân bón Vi lượng Quantity New | P12: =IFERROR(__xludf.DUMMYFUNCTION("""COMPUTED_VALUE"""),"#N/A") -> #N/A | Q12: =IFERROR(__xludf.DUMMYFUNCTION("""COMPUTED_VALUE"""),"KHÔNG KHỚP") -> KHÔNG KHỚP
A13: =IFERROR(__xludf.DUMMYFUNCTION("""COMPUTED_VALUE"""),10.0) -> 10 | B13: =IFERROR(__xludf.DUMMYFUNCTION("""COMPUTED_VALUE"""),45889.0) -> 45889 | C13: =IFERROR(__xludf.DUMMYFUNCTION("""COMPUTED_VALUE"""),1.0) -> 1 | D13: =IFERROR(__xludf.DUMMYFUNCTION("""COMPUTED_VALUE"""),"CT MỚI") -> CT MỚI | G13: =IFERROR(__xludf.DUMMYFUNCTION("""COMPUTED_VALUE"""),"HH3845") -> HH3845 | H13: =IFERROR(__xludf.DUMMYFUNCTION("""COMPUTED_VALUE"""),"BAMBOO - VI - 3845 - BAMBOO DOUBLE STOP (nước nâu đen) - 1L - 20") -> BAMBOO - VI - 3845 - BAMBOO DOUBLE STOP (nước nâu đen) - 1L - 20 | I13: =IFERROR(__xludf.DUMMYFUNCTION("""COMPUTED_VALUE"""),"#N/A") -> #N/A | L13: =IFERROR(__xludf.DUMMYFUNCTION("""COMPUTED_VALUE"""),"CHẶN ĐỌT DÒNG V2") -> CHẶN ĐỌT DÒNG V2 | M13: =IFERROR(__xludf.DUMMYFUNCTION("""COMPUTED_VALUE"""),"STOP UP MT STOP AGRI STOP STOP ĐỌT SIÊU CHẶN ĐỌT MASTER STOP UNI STOP ONE BAMBOO DOUBLE STOP") -> STOP UP MT STOP AGRI STOP STOP ĐỌT SIÊU CHẶN ĐỌT MASTER STOP UNI STOP ONE BAMBOO DOUBLE STOP | N13: =IFERROR(__xludf.DUMMYFUNCTION("""COMPUTED_VALUE"""),"06CD0009V1") -> 06CD0009V1 | O13: =IFERROR(__xludf.DUMMYFUNCTION("""COMPUTED_VALUE"""),"Phân bón Vi lượng Quantity New") -> Phân bón Vi lượng Quantity New | P13: =IFERROR(__xludf.DUMMYFUNCTION("""COMPUTED_VALUE"""),"#N/A") -> #N/A | Q13: =IFERROR(__xludf.DUMMYFUNCTION("""COMPUTED_VALUE"""),"KHÔNG KHỚP") -> KHÔNG KHỚP
A14: =IFERROR(__xludf.DUMMYFUNCTION("""COMPUTED_VALUE"""),11.0) -> 11 | B14: =IFERROR(__xludf.DUMMYFUNCTION("""COMPUTED_VALUE"""),45889.0) -> 45889 | C14: =IFERROR(__xludf.DUMMYFUNCTION("""COMPUTED_VALUE"""),1.0) -> 1 | D14: =IFERROR(__xludf.DUMMYFUNCTION("""COMPUTED_VALUE"""),"CT MỚI") -> CT MỚI | G14: =IFERROR(__xludf.DUMMYFUNCTION("""COMPUTED_VALUE"""),"HH3991") -> HH3991 | H14: =IFERROR(__xludf.DUMMYFUNCTION("""COMPUTED_VALUE"""),"GC - IV - 3991 - Cty Thành Công Agri - MASTER STOP (nước nâu đen V2) - 1L - 20") -> GC - IV - 3991 - Cty Thành Công Agri - MASTER STOP (nước nâu đen V2) - 1L - 20 | I14: =IFERROR(__xludf.DUMMYFUNCTION("""COMPUTED_VALUE"""),"#N/A") -> #N/A | L14: =IFERROR(__xludf.DUMMYFUNCTION("""COMPUTED_VALUE"""),"CHẶN ĐỌT DÒNG V2") -> CHẶN ĐỌT DÒNG V2 | M14: =IFERROR(__xludf.DUMMYFUNCTION("""COMPUTED_VALUE"""),"STOP UP MT STOP AGRI STOP STOP ĐỌT SIÊU CHẶN ĐỌT MASTER STOP UNI STOP ONE BAMBOO DOUBLE STOP") -> STOP UP MT STOP AGRI STOP STOP ĐỌT SIÊU CHẶN ĐỌT MASTER STOP UNI STOP ONE BAMBOO DOUBLE STOP | N14: =IFERROR(__xludf.DUMMYFUNCTION("""COMPUTED_VALUE"""),"06CD0009V1") -> 06CD0009V1 | O14: =IFERROR(__xludf.DUMMYFUNCTION("""COMPUTED_VALUE"""),"Phân bón Vi lượng Quantity New") -> Phân bón Vi lượng Quantity New | P14: =IFERROR(__xludf.DUMMYFUNCTION("""COMPUTED_VALUE"""),"#N/A") -> #N/A | Q14: =IFERROR(__xludf.DUMMYFUNCTION("""COMPUTED_VALUE"""),"KHÔNG KHỚP") -> KHÔNG KHỚP
A15: =IFERROR(__xludf.DUMMYFUNCTION("""COMPUTED_VALUE"""),12.0) -> 12 | B15: =IFERROR(__xludf.DUMMYFUNCTION("""COMPUTED_VALUE"""),45889.0) -> 45889 | C15: =IFERROR(__xludf.DUMMYFUNCTION("""COMPUTED_VALUE"""),1.0) -> 1 | D15: =IFERROR(__xludf.DUMMYFUNCTION("""COMPUTED_VALUE"""),"CT MỚI") -> CT MỚI | G15: =IFERROR(__xludf.DUMMYFUNCTION("""COMPUTED_VALUE"""),"HH3996") -> HH3996 | H15: =IFERROR(__xludf.DUMMYFUNCTION("""COMPUTED_VALUE"""),"GC - IV - 3996 - CTY DONA VINA - UNI-STOP ONE (Nước nâu đen) - 1L - 20") -> GC - IV - 3996 - CTY DONA VINA - UNI-STOP ONE (Nước nâu đen) - 1L - 20 | I15: =IFERROR(__xludf.DUMMYFUNCTION("""COMPUTED_VALUE"""),"#N/A") -> #N/A | L15: =IFERROR(__xludf.DUMMYFUNCTION("""COMPUTED_VALUE"""),"CHẶN ĐỌT DÒNG V2") -> CHẶN ĐỌT DÒNG V2 | M15: =IFERROR(__xludf.DUMMYFUNCTION("""COMPUTED_VALUE"""),"STOP UP MT STOP AGRI STOP STOP ĐỌT SIÊU CHẶN ĐỌT MASTER STOP UNI STOP ONE BAMBOO DOUBLE STOP") -> STOP UP MT STOP AGRI STOP STOP ĐỌT SIÊU CHẶN ĐỌT MASTER STOP UNI STOP ONE BAMBOO DOUBLE STOP | N15: =IFERROR(__xludf.DUMMYFUNCTION("""COMPUTED_VALUE"""),"06CD0009V1") -> 06CD0009V1 | O15: =IFERROR(__xludf.DUMMYFUNCTION("""COMPUTED_VALUE"""),"Phân bón Vi lượng Quantity New") -> Phân bón Vi lượng Quantity New | P15: =IFERROR(__xludf.DUMMYFUNCTION("""COMPUTED_VALUE"""),"#N/A") -> #N/A | Q15: =IFERROR(__xludf.DUMMYFUNCTION("""COMPUTED_VALUE"""),"KHÔNG KHỚP") -> KHÔNG KHỚP
A16: =IFERROR(__xludf.DUMMYFUNCTION("""COMPUTED_VALUE"""),13.0) -> 13 | B16: =IFERROR(__xludf.DUMMYFUNCTION("""COMPUTED_VALUE"""),45890.0) -> 45890 | C16: =IFERROR(__xludf.DUMMYFUNCTION("""COMPUTED_VALUE"""),1.0) -> 1 | D16: =IFERROR(__xludf.DUMMYFUNCTION("""COMPUTED_VALUE"""),"CT MỚI") -> CT MỚI | G16: =IFERROR(__xludf.DUMMYFUNCTION("""COMPUTED_VALUE"""),"HH4011") -> HH4011 | H16: =IFERROR(__xludf.DUMMYFUNCTION("""COMPUTED_VALUE"""),"10th Kodo Stop") -> 10th Kodo Stop | I16: =IFERROR(__xludf.DUMMYFUNCTION("""COMPUTED_VALUE"""),"#N/A") -> #N/A | L16: =IFERROR(__xludf.DUMMYFUNCTION("""COMPUTED_VALUE"""),"CHẶN ĐỌT DÒNG V1") -> CHẶN ĐỌT DÒNG V1 | M16: =IFERROR(__xludf.DUMMYFUNCTION("""COMPUTED_VALUE"""),"KODO STOP") -> KODO STOP | N16: =IFERROR(__xludf.DUMMYFUNCTION("""COMPUTED_VALUE"""),"06CD0006") -> 06CD0006 | O16: =IFERROR(__xludf.DUMMYFUNCTION("""COMPUTED_VALUE"""),"Phân bón Vi lượng Quantity New") -> Phân bón Vi lượng Quantity New | P16: =IFERROR(__xludf.DUMMYFUNCTION("""COMPUTED_VALUE"""),"#N/A") -> #N/A | Q16: =IFERROR(__xludf.DUMMYFUNCTION("""COMPUTED_VALUE"""),"KHÔNG KHỚP") -> KHÔNG KHỚP
A17: =IFERROR(__xludf.DUMMYFUNCTION("""COMPUTED_VALUE"""),14.0) -> 14 | B17: =IFERROR(__xludf.DUMMYFUNCTION("""COMPUTED_VALUE"""),45887.0) -> 45887 | C17: =IFERROR(__xludf.DUMMYFUNCTION("""COMPUTED_VALUE"""),1.0) -> 1 | D17: =IFERROR(__xludf.DUMMYFUNCTION("""COMPUTED_VALUE"""),"CT MỚI") -> CT MỚI | G17: =IFERROR(__xludf.DUMMYFUNCTION("""COMPUTED_VALUE"""),"HH3975") -> HH3975 | H17: =IFERROR(__xludf.DUMMYFUNCTION("""COMPUTED_VALUE"""),"15th Chuyên gia to trái") -> 15th Chuyên gia to trái | I17: =IFERROR(__xludf.DUMMYFUNCTION("""COMPUTED_VALUE"""),"#N/A") -> #N/A | L17: =IFERROR(__xludf.DUMMYFUNCTION("""COMPUTED_VALUE"""),"A09070825") -> A09070825 | M17: =IFERROR(__xludf.DUMMYFUNCTION("""COMPUTED_VALUE"""),"TO TRÁI") -> TO TRÁI | N17: =IFERROR(__xludf.DUMMYFUNCTION("""COMPUTED_VALUE"""),"11TT0017") -> 11TT0017 | O17: =IFERROR(__xludf.DUMMYFUNCTION("""COMPUTED_VALUE"""),"Phân bón Vi lượng Quantity New") -> Phân bón Vi lượng Quantity New | P17: =IFERROR(__xludf.DUMMYFUNCTION("""COMPUTED_VALUE"""),"#N/A") -> #N/A | Q17: =IFERROR(__xludf.DUMMYFUNCTION("""COMPUTED_VALUE"""),"KHÔNG KHỚP") -> KHÔNG KHỚP
A18: =IFERROR(__xludf.DUMMYFUNCTION("""COMPUTED_VALUE"""),15.0) -> 15 | B18: =IFERROR(__xludf.DUMMYFUNCTION("""COMPUTED_VALUE"""),45888.0) -> 45888 | C18: =IFERROR(__xludf.DUMMYFUNCTION("""COMPUTED_VALUE"""),1.0) -> 1 | D18: =IFERROR(__xludf.DUMMYFUNCTION("""COMPUTED_VALUE"""),"CT MỚI") -> CT MỚI | G18: =IFERROR(__xludf.DUMMYFUNCTION("""COMPUTED_VALUE"""),"NA0012V2") -> NA0012V2 | H18: =IFERROR(__xludf.DUMMYFUNCTION("""COMPUTED_VALUE"""),"Phụ gia NA0012V2") -> Phụ gia NA0012V2 | I18: =IFERROR(__xludf.DUMMYFUNCTION("""COMPUTED_VALUE"""),"#N/A") -> #N/A | M18: =IFERROR(__xludf.DUMMYFUNCTION("""COMPUTED_VALUE"""),"PHỤ GIA NA0012V2") -> PHỤ GIA NA0012V2 | N18: =IFERROR(__xludf.DUMMYFUNCTION("""COMPUTED_VALUE"""),"NA0012V2") -> NA0012V2 | P18: =IFERROR(__xludf.DUMMYFUNCTION("""COMPUTED_VALUE"""),"#N/A") -> #N/A | Q18: =IFERROR(__xludf.DUMMYFUNCTION("""COMPUTED_VALUE"""),"KHÔNG KHỚP") -> KHÔNG KHỚP
A19: =IFERROR(__xludf.DUMMYFUNCTION("""COMPUTED_VALUE"""),16.0) -> 16 | B19: =IFERROR(__xludf.DUMMYFUNCTION("""COMPUTED_VALUE"""),45888.0) -> 45888 | C19: =IFERROR(__xludf.DUMMYFUNCTION("""COMPUTED_VALUE"""),1.0) -> 1 | D19: =IFERROR(__xludf.DUMMYFUNCTION("""COMPUTED_VALUE"""),"CT MỚI") -> CT MỚI | G19: =IFERROR(__xludf.DUMMYFUNCTION("""COMPUTED_VALUE"""),"HH3925") -> HH3925 | H19: =IFERROR(__xludf.DUMMYFUNCTION("""COMPUTED_VALUE"""),"GC - IV - 3925 - Cty Newtex - ĐÒNG TO BÔNG KẸO T7 (Dạng SC màu vàng nhạt) - 500ml - 40") -> GC - IV - 3925 - Cty Newtex - ĐÒNG TO BÔNG KẸO T7 (Dạng SC màu vàng nhạt) - 500ml - 40 | I19: =IFERROR(__xludf.DUMMYFUNCTION("""COMPUTED_VALUE"""),"#N/A") -> #N/A | L19: =IFERROR(__xludf.DUMMYFUNCTION("""COMPUTED_VALUE"""),"A03260525") -> A03260525 | M19: =IFERROR(__xludf.DUMMYFUNCTION("""COMPUTED_VALUE"""),"TO ĐỒNG") -> TO ĐỒNG | N19: =IFERROR(__xludf.DUMMYFUNCTION("""COMPUTED_VALUE"""),"03DD0017") -> 03DD0017 | O19: =IFERROR(__xludf.DUMMYFUNCTION("""COMPUTED_VALUE"""),"Phân bón lá NPK-Vi lượng GNC 19") -> Phân bón lá NPK-Vi lượng GNC 19 | P19: =IFERROR(__xludf.DUMMYFUNCTION("""COMPUTED_VALUE"""),"#N/A") -> #N/A | Q19: =IFERROR(__xludf.DUMMYFUNCTION("""COMPUTED_VALUE"""),"KHÔNG KHỚP") -> KHÔNG KHỚP
A20: =IFERROR(__xludf.DUMMYFUNCTION("""COMPUTED_VALUE"""),17.0) -> 17 | B20: =IFERROR(__xludf.DUMMYFUNCTION("""COMPUTED_VALUE"""),45887.0) -> 45887 | C20: =IFERROR(__xludf.DUMMYFUNCTION("""COMPUTED_VALUE"""),1.0) -> 1 | D20: =IFERROR(__xludf.DUMMYFUNCTION("""COMPUTED_VALUE"""),"CT MỚI") -> CT MỚI | G20: =IFERROR(__xludf.DUMMYFUNCTION("""COMPUTED_VALUE"""),"HH3905") -> HH3905 | H20: =IFERROR(__xludf.DUMMYFUNCTION("""COMPUTED_VALUE"""),"IDA Global - I - 3905 - WINNER X2 (Nước đỏ cam) - 500ml - 40") -> IDA Global - I - 3905 - WINNER X2 (Nước đỏ cam) - 500ml - 40 | I20: =IFERROR(__xludf.DUMMYFUNCTION("""COMPUTED_VALUE"""),"#N/A") -> #N/A | M20: =IFERROR(__xludf.DUMMYFUNCTION("""COMPUTED_VALUE"""),"WINNER X2") -> WINNER X2 | N20: =IFERROR(__xludf.DUMMYFUNCTION("""COMPUTED_VALUE"""),"04VG0015") -> 04VG0015 | O20: =IFERROR(__xludf.DUMMYFUNCTION("""COMPUTED_VALUE"""),"Phân bón NPK-Vi lượng MASSIVE-BLUE") -> Phân bón NPK-Vi lượng MASSIVE-BLUE | P20: =IFERROR(__xludf.DUMMYFUNCTION("""COMPUTED_VALUE"""),"#N/A") -> #N/A | Q20: =IFERROR(__xludf.DUMMYFUNCTION("""COMPUTED_VALUE"""),"KHÔNG KHỚP") -> KHÔNG KHỚP
A21: =IFERROR(__xludf.DUMMYFUNCTION("""COMPUTED_VALUE"""),18.0) -> 18 | B21: =IFERROR(__xludf.DUMMYFUNCTION("""COMPUTED_VALUE"""),45892.0) -> 45892 | C21: =IFERROR(__xludf.DUMMYFUNCTION("""COMPUTED_VALUE"""),1.0) -> 1 | D21: =IFERROR(__xludf.DUMMYFUNCTION("""COMPUTED_VALUE"""),"CT MỚI") -> CT MỚI | G21: =IFERROR(__xludf.DUMMYFUNCTION("""COMPUTED_VALUE"""),"HH4012") -> HH4012 | H21: =IFERROR(__xludf.DUMMYFUNCTION("""COMPUTED_VALUE"""),"GC - V - 4012 - N2SBIO - N2 PHYTO PLUS (Nước nâu đen) - 500ml - 40") -> GC - V - 4012 - N2SBIO - N2 PHYTO PLUS (Nước nâu đen) - 500ml - 40 | I21: =IFERROR(__xludf.DUMMYFUNCTION("""COMPUTED_VALUE"""),"#N/A") -> #N/A | L21: =IFERROR(__xludf.DUMMYFUNCTION("""COMPUTED_VALUE"""),"N05181224 X06121224") -> N05181224 X06121224 | M21: =IFERROR(__xludf.DUMMYFUNCTION("""COMPUTED_VALUE"""),"N2 PHYTO PLUS DR.AB MAGSI") -> N2 PHYTO PLUS DR.AB MAGSI | N21: =IFERROR(__xludf.DUMMYFUNCTION("""COMPUTED_VALUE"""),"02CC0009V1") -> 02CC0009V1 | O21: =IFERROR(__xludf.DUMMYFUNCTION("""COMPUTED_VALUE"""),"Phân bón Hữu cơ SH Agro Organic Fertilizer 20") -> Phân bón Hữu cơ SH Agro Organic Fertilizer 20 | P21: =IFERROR(__xludf.DUMMYFUNCTION("""COMPUTED_VALUE"""),"#N/A") -> #N/A | Q21: =IFERROR(__xludf.DUMMYFUNCTION("""COMPUTED_VALUE"""),"KHÔNG KHỚP") -> KHÔNG KHỚP
A22: =IFERROR(__xludf.DUMMYFUNCTION("""COMPUTED_VALUE"""),19.0) -> 19 | B22: =IFERROR(__xludf.DUMMYFUNCTION("""COMPUTED_VALUE"""),45891.0) -> 45891 | C22: =IFERROR(__xludf.DUMMYFUNCTION("""COMPUTED_VALUE"""),1.0) -> 1 | D22: =IFERROR(__xludf.DUMMYFUNCTION("""COMPUTED_VALUE"""),"CT MỚI") -> CT MỚI | G22: =IFERROR(__xludf.DUMMYFUNCTION("""COMPUTED_VALUE"""),"NA0012V1") -> NA0012V1 | H22: =IFERROR(__xludf.DUMMYFUNCTION("""COMPUTED_VALUE"""),"PHỤ GIA NA0012V1") -> PHỤ GIA NA0012V1 | I22: =IFERROR(__xludf.DUMMYFUNCTION("""COMPUTED_VALUE"""),"#N/A") -> #N/A | M22: =IFERROR(__xludf.DUMMYFUNCTION("""COMPUTED_VALUE"""),"PHỤ GIA NA0012V1") -> PHỤ GIA NA0012V1 | N22: =IFERROR(__xludf.DUMMYFUNCTION("""COMPUTED_VALUE"""),"NA0012V1") -> NA0012V1 | P22: =IFERROR(__xludf.DUMMYFUNCTION("""COMPUTED_VALUE"""),"#N/A") -> #N/A | Q22: =IFERROR(__xludf.DUMMYFUNCTION("""COMPUTED_VALUE"""),"KHÔNG KHỚP") -> KHÔNG KHỚP
A23: =IFERROR(__xludf.DUMMYFUNCTION("""COMPUTED_VALUE"""),20.0) -> 20 | B23: =IFERROR(__xludf.DUMMYFUNCTION("""COMPUTED_VALUE"""),45892.0) -> 45892 | C23: =IFERROR(__xludf.DUMMYFUNCTION("""COMPUTED_VALUE"""),1.0) -> 1 | D23: =IFERROR(__xludf.DUMMYFUNCTION("""COMPUTED_VALUE"""),"CT MỚI") -> CT MỚI | G23: =IFERROR(__xludf.DUMMYFUNCTION("""COMPUTED_VALUE"""),"HH3850") -> HH3850 | H23: =IFERROR(__xludf.DUMMYFUNCTION("""COMPUTED_VALUE"""),"GC - IV - 3850 - NHP GROUP - ULTRA KEO GROW (Nước nâu đen) - 200ml - 40") -> GC - IV - 3850 - NHP GROUP - ULTRA KEO GROW (Nước nâu đen) - 200ml - 40 | I23: =IFERROR(__xludf.DUMMYFUNCTION("""COMPUTED_VALUE"""),"#N/A") -> #N/A | L23: =IFERROR(__xludf.DUMMYFUNCTION("""COMPUTED_VALUE"""),"A04071024") -> A04071024 | M23: =IFERROR(__xludf.DUMMYFUNCTION("""COMPUTED_VALUE"""),"ULTRA KEO GROW") -> ULTRA KEO GROW | N23: =IFERROR(__xludf.DUMMYFUNCTION("""COMPUTED_VALUE"""),"01RR0037V1") -> 01RR0037V1 | O23: =IFERROR(__xludf.DUMMYFUNCTION("""COMPUTED_VALUE"""),"Phân bón Hữu cơ SH Agro Organic Fertilizer 20") -> Phân bón Hữu cơ SH Agro Organic Fertilizer 20 | P23: =IFERROR(__xludf.DUMMYFUNCTION("""COMPUTED_VALUE"""),"#N/A") -> #N/A | Q23: =IFERROR(__xludf.DUMMYFUNCTION("""COMPUTED_VALUE"""),"KHÔNG KHỚP") -> KHÔNG KHỚP
A24: =IFERROR(__xludf.DUMMYFUNCTION("""COMPUTED_VALUE"""),21.0) -> 21 | B24: =IFERROR(__xludf.DUMMYFUNCTION("""COMPUTED_VALUE"""),45890.0) -> 45890 | C24: =IFERROR(__xludf.DUMMYFUNCTION("""COMPUTED_VALUE"""),1.0) -> 1 | D24: =IFERROR(__xludf.DUMMYFUNCTION("""COMPUTED_VALUE"""),"CT MỚI") -> CT MỚI | G24: =IFERROR(__xludf.DUMMYFUNCTION("""COMPUTED_VALUE"""),"HH3968") -> HH3968 | H24: =IFERROR(__xludf.DUMMYFUNCTION("""COMPUTED_VALUE"""),"BAMBOO - VI - 3968 - BAMBOO 777 TE (chưa xác định) - 1L - 20") -> BAMBOO - VI - 3968 - BAMBOO 777 TE (chưa xác định) - 1L - 20 | I24: =IFERROR(__xludf.DUMMYFUNCTION("""COMPUTED_VALUE"""),"#N/A") -> #N/A | L24: =IFERROR(__xludf.DUMMYFUNCTION("""COMPUTED_VALUE"""),"BB25040725") -> BB25040725 | M24: =IFERROR(__xludf.DUMMYFUNCTION("""COMPUTED_VALUE"""),"BAMBOO 777 TE") -> BAMBOO 777 TE | N24: =IFERROR(__xludf.DUMMYFUNCTION("""COMPUTED_VALUE"""),"03DD0015") -> 03DD0015 | O24: =IFERROR(__xludf.DUMMYFUNCTION("""COMPUTED_VALUE"""),"Phân bón lá NPK-Vi lượng GNC 19") -> Phân bón lá NPK-Vi lượng GNC 19 | P24: =IFERROR(__xludf.DUMMYFUNCTION("""COMPUTED_VALUE"""),"#N/A") -> #N/A | Q24: =IFERROR(__xludf.DUMMYFUNCTION("""COMPUTED_VALUE"""),"KHÔNG KHỚP") -> KHÔNG KHỚP
A25: =IFERROR(__xludf.DUMMYFUNCTION("""COMPUTED_VALUE"""),22.0) -> 22 | B25: =IFERROR(__xludf.DUMMYFUNCTION("""COMPUTED_VALUE"""),45890.0) -> 45890 | C25: =IFERROR(__xludf.DUMMYFUNCTION("""COMPUTED_VALUE"""),1.0) -> 1 | D25: =IFERROR(__xludf.DUMMYFUNCTION("""COMPUTED_VALUE"""),"CT MỚI") -> CT MỚI | G25: =IFERROR(__xludf.DUMMYFUNCTION("""COMPUTED_VALUE"""),"HH3966") -> HH3966 | H25: =IFERROR(__xludf.DUMMYFUNCTION("""COMPUTED_VALUE"""),"BAMBOO - VI - 3966 - BAMBOO 5.10.8 TE (chưa xác định) - 500ml - 40") -> BAMBOO - VI - 3966 - BAMBOO 5.10.8 TE (chưa xác định) - 500ml - 40 | I25: =IFERROR(__xludf.DUMMYFUNCTION("""COMPUTED_VALUE"""),"#N/A") -> #N/A | L25: =IFERROR(__xludf.DUMMYFUNCTION("""COMPUTED_VALUE"""),"BB27040725") -> BB27040725 | M25: =IFERROR(__xludf.DUMMYFUNCTION("""COMPUTED_VALUE"""),"BAMBOO 5.10.8 TE") -> BAMBOO 5.10.8 TE | N25: =IFERROR(__xludf.DUMMYFUNCTION("""COMPUTED_VALUE"""),"03DD0016") -> 03DD0016 | O25: =IFERROR(__xludf.DUMMYFUNCTION("""COMPUTED_VALUE"""),"Phân bón hỗn hợp NPK GBUMPER 02") -> Phân bón hỗn hợp NPK GBUMPER 02 | P25: =IFERROR(__xludf.DUMMYFUNCTION("""COMPUTED_VALUE"""),"#N/A") -> #N/A | Q25: =IFERROR(__xludf.DUMMYFUNCTION("""COMPUTED_VALUE"""),"KHÔNG KHỚP") -> KHÔNG KHỚP
A26: =IFERROR(__xludf.DUMMYFUNCTION("""COMPUTED_VALUE"""),23.0) -> 23 | B26: =IFERROR(__xludf.DUMMYFUNCTION("""COMPUTED_VALUE"""),45890.0) -> 45890 | C26: =IFERROR(__xludf.DUMMYFUNCTION("""COMPUTED_VALUE"""),1.0) -> 1 | D26: =IFERROR(__xludf.DUMMYFUNCTION("""COMPUTED_VALUE"""),"CT MỚI") -> CT MỚI | G26: =IFERROR(__xludf.DUMMYFUNCTION("""COMPUTED_VALUE"""),"HH4017") -> HH4017 | H26: =IFERROR(__xludf.DUMMYFUNCTION("""COMPUTED_VALUE"""),"GC - II - 4017 - LOT AGC - Nguyễn Văn Hiệp - DR.H2 (Nước nâu đen) - 1L - 20") -> GC - II - 4017 - LOT AGC - Nguyễn Văn Hiệp - DR.H2 (Nước nâu đen) - 1L - 20 | I26: =IFERROR(__xludf.DUMMYFUNCTION("""COMPUTED_VALUE"""),"#N/A") -> #N/A | L26: =IFERROR(__xludf.DUMMYFUNCTION("""COMPUTED_VALUE"""),"CHẶN ĐỌT DÒNG V1") -> CHẶN ĐỌT DÒNG V1 | M26: =IFERROR(__xludf.DUMMYFUNCTION("""COMPUTED_VALUE"""),"KODO STOP") -> KODO STOP | N26: =IFERROR(__xludf.DUMMYFUNCTION("""COMPUTED_VALUE"""),"06CD0006") -> 06CD0006 | O26: =IFERROR(__xludf.DUMMYFUNCTION("""COMPUTED_VALUE"""),"Phân bón Vi lượng Quantity New") -> Phân bón Vi lượng Quantity New | P26: =IFERROR(__xludf.DUMMYFUNCTION("""COMPUTED_VALUE"""),"#N/A") -> #N/A | Q26: =IFERROR(__xludf.DUMMYFUNCTION("""COMPUTED_VALUE"""),"KHÔNG KHỚP") -> KHÔNG KHỚP
A27: =IFERROR(__xludf.DUMMYFUNCTION("""COMPUTED_VALUE"""),24.0) -> 24 | B27: =IFERROR(__xludf.DUMMYFUNCTION("""COMPUTED_VALUE"""),45892.0) -> 45892 | C27: =IFERROR(__xludf.DUMMYFUNCTION("""COMPUTED_VALUE"""),1.0) -> 1 | D27: =IFERROR(__xludf.DUMMYFUNCTION("""COMPUTED_VALUE"""),"CT MỚI") -> CT MỚI | G27: =IFERROR(__xludf.DUMMYFUNCTION("""COMPUTED_VALUE"""),"HH3877") -> HH3877 | H27: =IFERROR(__xludf.DUMMYFUNCTION("""COMPUTED_VALUE"""),"GC - II - 3877 - GC.NANOFISH - STOP 25 (nước nâu đen) - 1L - 20") -> GC - II - 3877 - GC.NANOFISH - STOP 25 (nước nâu đen) - 1L - 20 | I27: =IFERROR(__xludf.DUMMYFUNCTION("""COMPUTED_VALUE"""),"#N/A") -> #N/A | L27: =IFERROR(__xludf.DUMMYFUNCTION("""COMPUTED_VALUE"""),"CHẶN ĐỌT DÒNG V3") -> CHẶN ĐỌT DÒNG V3 | M27: =IFERROR(__xludf.DUMMYFUNCTION("""COMPUTED_VALUE"""),"KODO STOP SIÊU CHẶN ĐỌT STOP 25 UNI STOP UNI STOP 25") -> KODO STOP SIÊU CHẶN ĐỌT STOP 25 UNI STOP UNI STOP 25 | N27: =IFERROR(__xludf.DUMMYFUNCTION("""COMPUTED_VALUE"""),"06CD0007") -> 06CD0007 | O27: =IFERROR(__xludf.DUMMYFUNCTION("""COMPUTED_VALUE"""),"Phân bón Vi lượng Quantity New") -> Phân bón Vi lượng Quantity New | P27: =IFERROR(__xludf.DUMMYFUNCTION("""COMPUTED_VALUE"""),"#N/A") -> #N/A | Q27: =IFERROR(__xludf.DUMMYFUNCTION("""COMPUTED_VALUE"""),"KHÔNG KHỚP") -> KHÔNG KHỚP
A28: =IFERROR(__xludf.DUMMYFUNCTION("""COMPUTED_VALUE"""),25.0) -> 25 | B28: =IFERROR(__xludf.DUMMYFUNCTION("""COMPUTED_VALUE"""),45892.0) -> 45892 | C28: =IFERROR(__xludf.DUMMYFUNCTION("""COMPUTED_VALUE"""),1.0) -> 1 | D28: =IFERROR(__xludf.DUMMYFUNCTION("""COMPUTED_VALUE"""),"CT MỚI") -> CT MỚI | G28: =IFERROR(__xludf.DUMMYFUNCTION("""COMPUTED_VALUE"""),"HH2641") -> HH2641 | H28: =IFERROR(__xludf.DUMMYFUNCTION("""COMPUTED_VALUE"""),"GC - IV - 2641 - GNH - SIÊU TẠO NỤ (Nước nâu đen) - 500ml - 40") -> GC - IV - 2641 - GNH - SIÊU TẠO NỤ (Nước nâu đen) - 500ml - 40 | I28: =IFERROR(__xludf.DUMMYFUNCTION("""COMPUTED_VALUE"""),"#N/A") -> #N/A | L28: =IFERROR(__xludf.DUMMYFUNCTION("""COMPUTED_VALUE"""),"A05120724") -> A05120724 | M28: =IFERROR(__xludf.DUMMYFUNCTION("""COMPUTED_VALUE"""),"SIÊU TẠO NỤ") -> SIÊU TẠO NỤ | N28: =IFERROR(__xludf.DUMMYFUNCTION("""COMPUTED_VALUE"""),"08TM0015") -> 08TM0015 | O28: =IFERROR(__xludf.DUMMYFUNCTION("""COMPUTED_VALUE"""),"Phân bón Vi lượng AGAMA-SUPPORT") -> Phân bón Vi lượng AGAMA-SUPPORT | P28: =IFERROR(__xludf.DUMMYFUNCTION("""COMPUTED_VALUE"""),"#N/A") -> #N/A | Q28: =IFERROR(__xludf.DUMMYFUNCTION("""COMPUTED_VALUE"""),"KHÔNG KHỚP") -> KHÔNG KHỚP
A29: =IFERROR(__xludf.DUMMYFUNCTION("""COMPUTED_VALUE"""),26.0) -> 26 | B29: =IFERROR(__xludf.DUMMYFUNCTION("""COMPUTED_VALUE"""),45892.0) -> 45892 | C29: =IFERROR(__xludf.DUMMYFUNCTION("""COMPUTED_VALUE"""),1.0) -> 1 | D29: =IFERROR(__xludf.DUMMYFUNCTION("""COMPUTED_VALUE"""),"CT MỚI") -> CT MỚI | G29: =IFERROR(__xludf.DUMMYFUNCTION("""COMPUTED_VALUE"""),"HH2748") -> HH2748 | H29: =IFERROR(__xludf.DUMMYFUNCTION("""COMPUTED_VALUE"""),"GC - II - 2748 - CSSX An Khang (A.Dinh) - TAK20 (Bột màu trắng) - 1kg - 20") -> GC - II - 2748 - CSSX An Khang (A.Dinh) - TAK20 (Bột màu trắng) - 1kg - 20 | I29: =IFERROR(__xludf.DUMMYFUNCTION("""COMPUTED_VALUE"""),"#N/A") -> #N/A | L29: =IFERROR(__xludf.DUMMYFUNCTION("""COMPUTED_VALUE"""),"A05200824") -> A05200824 | M29: =IFERROR(__xludf.DUMMYFUNCTION("""COMPUTED_VALUE"""),"TAK20 STOP 247") -> TAK20 STOP 247 | N29: =IFERROR(__xludf.DUMMYFUNCTION("""COMPUTED_VALUE"""),"08TM0017") -> 08TM0017 | O29: =IFERROR(__xludf.DUMMYFUNCTION("""COMPUTED_VALUE"""),"Phân bón Vi lượng AGAMA-BATFUNG") -> Phân bón Vi lượng AGAMA-BATFUNG | P29: =IFERROR(__xludf.DUMMYFUNCTION("""COMPUTED_VALUE"""),"#N/A") -> #N/A | Q29: =IFERROR(__xludf.DUMMYFUNCTION("""COMPUTED_VALUE"""),"KHÔNG KHỚP") -> KHÔNG KHỚP
A30: =IFERROR(__xludf.DUMMYFUNCTION("""COMPUTED_VALUE"""),27.0) -> 27 | B30: =IFERROR(__xludf.DUMMYFUNCTION("""COMPUTED_VALUE"""),45892.0) -> 45892 | C30: =IFERROR(__xludf.DUMMYFUNCTION("""COMPUTED_VALUE"""),1.0) -> 1 | D30: =IFERROR(__xludf.DUMMYFUNCTION("""COMPUTED_VALUE"""),"CT MỚI") -> CT MỚI | G30: =IFERROR(__xludf.DUMMYFUNCTION("""COMPUTED_VALUE"""),"HH4006") -> HH4006 | H30: =IFERROR(__xludf.DUMMYFUNCTION("""COMPUTED_VALUE"""),"GC - II - 4006 - CSSX An Khang (A.Dinh) - TAK20 (Bột màu trắng) - 1kg - 20") -> GC - II - 4006 - CSSX An Khang (A.Dinh) - TAK20 (Bột màu trắng) - 1kg - 20 | I30: =IFERROR(__xludf.DUMMYFUNCTION("""COMPUTED_VALUE"""),"#N/A") -> #N/A | L30: =IFERROR(__xludf.DUMMYFUNCTION("""COMPUTED_VALUE"""),"A05200824") -> A05200824 | M30: =IFERROR(__xludf.DUMMYFUNCTION("""COMPUTED_VALUE"""),"TAK20 STOP 247") -> TAK20 STOP 247 | N30: =IFERROR(__xludf.DUMMYFUNCTION("""COMPUTED_VALUE"""),"08TM0017") -> 08TM0017 | O30: =IFERROR(__xludf.DUMMYFUNCTION("""COMPUTED_VALUE"""),"Phân bón Vi lượng AGAMA-BATFUNG") -> Phân bón Vi lượng AGAMA-BATFUNG | P30: =IFERROR(__xludf.DUMMYFUNCTION("""COMPUTED_VALUE"""),"#N/A") -> #N/A | Q30: =IFERROR(__xludf.DUMMYFUNCTION("""COMPUTED_VALUE"""),"KHÔNG KHỚP") -> KHÔNG KHỚP
A31: =IFERROR(__xludf.DUMMYFUNCTION("""COMPUTED_VALUE"""),28.0) -> 28 | B31: =IFERROR(__xludf.DUMMYFUNCTION("""COMPUTED_VALUE"""),45892.0) -> 45892 | C31: =IFERROR(__xludf.DUMMYFUNCTION("""COMPUTED_VALUE"""),1.0) -> 1 | D31: =IFERROR(__xludf.DUMMYFUNCTION("""COMPUTED_VALUE"""),"CT MỚI") -> CT MỚI | G31: =IFERROR(__xludf.DUMMYFUNCTION("""COMPUTED_VALUE"""),"HH3851") -> HH3851 | H31: =IFERROR(__xludf.DUMMYFUNCTION("""COMPUTED_VALUE"""),"GC - IV - 3851 - NHP GROUP - ULTRA KEO CABOR (Nước vàng) - 200ml - 40") -> GC - IV - 3851 - NHP GROUP - ULTRA KEO CABOR (Nước vàng) - 200ml - 40 | I31: =IFERROR(__xludf.DUMMYFUNCTION("""COMPUTED_VALUE"""),"#N/A") -> #N/A | M31: =IFERROR(__xludf.DUMMYFUNCTION("""COMPUTED_VALUE"""),"ULTRA KEO CABOR BOCAX US.BOCAXX") -> ULTRA KEO CABOR BOCAX US.BOCAXX | N31: =IFERROR(__xludf.DUMMYFUNCTION("""COMPUTED_VALUE"""),"10CR0001V1") -> 10CR0001V1 | O31: =IFERROR(__xludf.DUMMYFUNCTION("""COMPUTED_VALUE"""),"Phân bón Vi lượng Run Fast") -> Phân bón Vi lượng Run Fast | P31: =IFERROR(__xludf.DUMMYFUNCTION("""COMPUTED_VALUE"""),"#N/A") -> #N/A | Q31: =IFERROR(__xludf.DUMMYFUNCTION("""COMPUTED_VALUE"""),"KHÔNG KHỚP") -> KHÔNG KHỚP
A32: =IFERROR(__xludf.DUMMYFUNCTION("""COMPUTED_VALUE"""),29.0) -> 29 | B32: =IFERROR(__xludf.DUMMYFUNCTION("""COMPUTED_VALUE"""),45892.0) -> 45892 | C32: =IFERROR(__xludf.DUMMYFUNCTION("""COMPUTED_VALUE"""),1.0) -> 1 | D32: =IFERROR(__xludf.DUMMYFUNCTION("""COMPUTED_VALUE"""),"CT MỚI") -> CT MỚI | G32: =IFERROR(__xludf.DUMMYFUNCTION("""COMPUTED_VALUE"""),"HH3972") -> HH3972 | H32: =IFERROR(__xludf.DUMMYFUNCTION("""COMPUTED_VALUE"""),"GC - IV - 3972 - THÀNH CÔNG AGRI - ULTRA FRUIT (Gel nâu đen) - 20L - 1") -> GC - IV - 3972 - THÀNH CÔNG AGRI - ULTRA FRUIT (Gel nâu đen) - 20L - 1 | I32: =IFERROR(__xludf.DUMMYFUNCTION("""COMPUTED_VALUE"""),"#N/A") -> #N/A | M32: =IFERROR(__xludf.DUMMYFUNCTION("""COMPUTED_VALUE"""),"ULTRA FRUIT") -> ULTRA FRUIT | N32: =IFERROR(__xludf.DUMMYFUNCTION("""COMPUTED_VALUE"""),"11TT0006V1") -> 11TT0006V1 | O32: =IFERROR(__xludf.DUMMYFUNCTION("""COMPUTED_VALUE"""),"Phân bón Vi lượng Quantity New") -> Phân bón Vi lượng Quantity New | P32: =IFERROR(__xludf.DUMMYFUNCTION("""COMPUTED_VALUE"""),"#N/A") -> #N/A | Q32: =IFERROR(__xludf.DUMMYFUNCTION("""COMPUTED_VALUE"""),"KHÔNG KHỚP") -> KHÔNG KHỚP
A33: =IFERROR(__xludf.DUMMYFUNCTION("""COMPUTED_VALUE"""),30.0) -> 30 | B33: =IFERROR(__xludf.DUMMYFUNCTION("""COMPUTED_VALUE"""),45892.0) -> 45892 | C33: =IFERROR(__xludf.DUMMYFUNCTION("""COMPUTED_VALUE"""),1.0) -> 1 | D33: =IFERROR(__xludf.DUMMYFUNCTION("""COMPUTED_VALUE"""),"CT MỚI") -> CT MỚI | G33: =IFERROR(__xludf.DUMMYFUNCTION("""COMPUTED_VALUE"""),"HH3121") -> HH3121 | H33: =IFERROR(__xludf.DUMMYFUNCTION("""COMPUTED_VALUE"""),"GC - IV - 3121 - NHP GROUP - ULTRAKEO ZN+ (Nước trắng sữa) - 200ml - 40") -> GC - IV - 3121 - NHP GROUP - ULTRAKEO ZN+ (Nước trắng sữa) - 200ml - 40 | I33: =IFERROR(__xludf.DUMMYFUNCTION("""COMPUTED_VALUE"""),"#N/A") -> #N/A | L33: =IFERROR(__xludf.DUMMYFUNCTION("""COMPUTED_VALUE"""),"A02211024") -> A02211024 | M33: =IFERROR(__xludf.DUMMYFUNCTION("""COMPUTED_VALUE"""),"ULTRAKEO ZN+") -> ULTRAKEO ZN+ | N33: =IFERROR(__xludf.DUMMYFUNCTION("""COMPUTED_VALUE"""),"13XL0010") -> 13XL0010 | O33: =IFERROR(__xludf.DUMMYFUNCTION("""COMPUTED_VALUE"""),"Phân bón Vi lượng MICKEY") -> Phân bón Vi lượng MICKEY | P33: =IFERROR(__xludf.DUMMYFUNCTION("""COMPUTED_VALUE"""),"#N/A") -> #N/A | Q33: =IFERROR(__xludf.DUMMYFUNCTION("""COMPUTED_VALUE"""),"KHÔNG KHỚP") -> KHÔNG KHỚP
A34: =IFERROR(__xludf.DUMMYFUNCTION("""COMPUTED_VALUE"""),31.0) -> 31 | B34: =IFERROR(__xludf.DUMMYFUNCTION("""COMPUTED_VALUE"""),45892.0) -> 45892 | C34: =IFERROR(__xludf.DUMMYFUNCTION("""COMPUTED_VALUE"""),1.0) -> 1 | D34: =IFERROR(__xludf.DUMMYFUNCTION("""COMPUTED_VALUE"""),"CT MỚI") -> CT MỚI | G34: =IFERROR(__xludf.DUMMYFUNCTION("""COMPUTED_VALUE"""),"HH4005") -> HH4005 | H34: =IFERROR(__xludf.DUMMYFUNCTION("""COMPUTED_VALUE"""),"GC - IV - 4005 - AGRITECH - AGRI NOVA (Nước nâu đen) - 5L - 4") -> GC - IV - 4005 - AGRITECH - AGRI NOVA (Nước nâu đen) - 5L - 4 | I34: =IFERROR(__xludf.DUMMYFUNCTION("""COMPUTED_VALUE"""),"#N/A") -> #N/A | L34: =IFERROR(__xludf.DUMMYFUNCTION("""COMPUTED_VALUE"""),"A01161024") -> A01161024 | M34: =IFERROR(__xludf.DUMMYFUNCTION("""COMPUTED_VALUE"""),"ORGA STRONG AGRI BIO FISH AGRI NOVA") -> ORGA STRONG AGRI BIO FISH AGRI NOVA | N34: =IFERROR(__xludf.DUMMYFUNCTION("""COMPUTED_VALUE"""),"19DD0010V2") -> 19DD0010V2 | O34: =IFERROR(__xludf.DUMMYFUNCTION("""COMPUTED_VALUE"""),"Phân bón Hữu cơ SH Agro Organic Fertilizer 20") -> Phân bón Hữu cơ SH Agro Organic Fertilizer 20 | P34: =IFERROR(__xludf.DUMMYFUNCTION("""COMPUTED_VALUE"""),"#N/A") -> #N/A | Q34: =IFERROR(__xludf.DUMMYFUNCTION("""COMPUTED_VALUE"""),"KHÔNG KHỚP") -> KHÔNG KHỚP
A35: =IFERROR(__xludf.DUMMYFUNCTION("""COMPUTED_VALUE"""),32.0) -> 32 | B35: =IFERROR(__xludf.DUMMYFUNCTION("""COMPUTED_VALUE"""),45897.0) -> 45897 | C35: =IFERROR(__xludf.DUMMYFUNCTION("""COMPUTED_VALUE"""),1.0) -> 1 | D35: =IFERROR(__xludf.DUMMYFUNCTION("""COMPUTED_VALUE"""),"CT MỚI") -> CT MỚI | G35: =IFERROR(__xludf.DUMMYFUNCTION("""COMPUTED_VALUE"""),"HH3903") -> HH3903 | H35: =IFERROR(__xludf.DUMMYFUNCTION("""COMPUTED_VALUE"""),"GC - V - 3903 - N2SBIO - N2 MG ZN-70 (Nước xanh lá) - 500ml - 40") -> GC - V - 3903 - N2SBIO - N2 MG ZN-70 (Nước xanh lá) - 500ml - 40 | I35: =IFERROR(__xludf.DUMMYFUNCTION("""COMPUTED_VALUE"""),"#N/A") -> #N/A | L35: =IFERROR(__xludf.DUMMYFUNCTION("""COMPUTED_VALUE"""),"N01080825") -> N01080825 | M35: =IFERROR(__xludf.DUMMYFUNCTION("""COMPUTED_VALUE"""),"N2 MgZn-52") -> N2 MgZn-52 | N35: =IFERROR(__xludf.DUMMYFUNCTION("""COMPUTED_VALUE"""),"23GS0002") -> 23GS0002 | O35: =IFERROR(__xludf.DUMMYFUNCTION("""COMPUTED_VALUE"""),"Phân bón vi lượng Phú Sĩ FJ-09 Kẽm Mg") -> Phân bón vi lượng Phú Sĩ FJ-09 Kẽm Mg | P35: =IFERROR(__xludf.DUMMYFUNCTION("""COMPUTED_VALUE"""),"#N/A") -> #N/A | Q35: =IFERROR(__xludf.DUMMYFUNCTION("""COMPUTED_VALUE"""),"KHÔNG KHỚP") -> KHÔNG KHỚP
A36: =IFERROR(__xludf.DUMMYFUNCTION("""COMPUTED_VALUE"""),33.0) -> 33 | B36: =IFERROR(__xludf.DUMMYFUNCTION("""COMPUTED_VALUE"""),45897.0) -> 45897 | C36: =IFERROR(__xludf.DUMMYFUNCTION("""COMPUTED_VALUE"""),1.0) -> 1 | D36: =IFERROR(__xludf.DUMMYFUNCTION("""COMPUTED_VALUE"""),"CT MỚI") -> CT MỚI | G36: =IFERROR(__xludf.DUMMYFUNCTION("""COMPUTED_VALUE"""),"HH2899") -> HH2899 | H36: =IFERROR(__xludf.DUMMYFUNCTION("""COMPUTED_VALUE"""),"GC - IV - 2899 - CTY ASAHI NHẬT BẢN - ULTRA BUD (Nước nâu đen) - 22kg - 1") -> GC - IV - 2899 - CTY ASAHI NHẬT BẢN - ULTRA BUD (Nước nâu đen) - 22kg - 1 | I36: =IFERROR(__xludf.DUMMYFUNCTION("""COMPUTED_VALUE"""),"#N/A") -> #N/A | L36: =IFERROR(__xludf.DUMMYFUNCTION("""COMPUTED_VALUE"""),"A06291024") -> A06291024 | M36: =IFERROR(__xludf.DUMMYFUNCTION("""COMPUTED_VALUE"""),"ULTRA BUD") -> ULTRA BUD | N36: =IFERROR(__xludf.DUMMYFUNCTION("""COMPUTED_VALUE"""),"01RR0036V1") -> 01RR0036V1 | O36: =IFERROR(__xludf.DUMMYFUNCTION("""COMPUTED_VALUE"""),"Phân bón Hữu cơ SH Agro Organic Fertilizer 20") -> Phân bón Hữu cơ SH Agro Organic Fertilizer 20 | P36: =IFERROR(__xludf.DUMMYFUNCTION("""COMPUTED_VALUE"""),"#N/A") -> #N/A | Q36: =IFERROR(__xludf.DUMMYFUNCTION("""COMPUTED_VALUE"""),"KHÔNG KHỚP") -> KHÔNG KHỚP
A37: =IFERROR(__xludf.DUMMYFUNCTION("""COMPUTED_VALUE"""),34.0) -> 34 | B37: =IFERROR(__xludf.DUMMYFUNCTION("""COMPUTED_VALUE"""),45891.0) -> 45891 | C37: =IFERROR(__xludf.DUMMYFUNCTION("""COMPUTED_VALUE"""),1.0) -> 1 | D37: =IFERROR(__xludf.DUMMYFUNCTION("""COMPUTED_VALUE"""),"CT MỚI") -> CT MỚI | G37: =IFERROR(__xludf.DUMMYFUNCTION("""COMPUTED_VALUE"""),"HH3912") -> HH3912 | H37: =IFERROR(__xludf.DUMMYFUNCTION("""COMPUTED_VALUE"""),"GC - IV - 3912 - Cty Hóa Nông Shino - SHINO MIX (Nước xanh lơ) - 50ml - 300") -> GC - IV - 3912 - Cty Hóa Nông Shino - SHINO MIX (Nước xanh lơ) - 50ml - 300 | I37: =IFERROR(__xludf.DUMMYFUNCTION("""COMPUTED_VALUE"""),"#N/A") -> #N/A | L37: =IFERROR(__xludf.DUMMYFUNCTION("""COMPUTED_VALUE"""),"A07290725") -> A07290725 | M37: =IFERROR(__xludf.DUMMYFUNCTION("""COMPUTED_VALUE"""),"SHINOMIX -02") -> SHINOMIX -02 | N37: =IFERROR(__xludf.DUMMYFUNCTION("""COMPUTED_VALUE"""),"01RR0070") -> 01RR0070 | O37: =IFERROR(__xludf.DUMMYFUNCTION("""COMPUTED_VALUE"""),"Phân bón lá NPK-Vi lượng GNC 19") -> Phân bón lá NPK-Vi lượng GNC 19 | P37: =IFERROR(__xludf.DUMMYFUNCTION("""COMPUTED_VALUE"""),"#N/A") -> #N/A | Q37: =IFERROR(__xludf.DUMMYFUNCTION("""COMPUTED_VALUE"""),"KHÔNG KHỚP") -> KHÔNG KHỚP
A38: =IFERROR(__xludf.DUMMYFUNCTION("""COMPUTED_VALUE"""),35.0) -> 35 | B38: =IFERROR(__xludf.DUMMYFUNCTION("""COMPUTED_VALUE"""),45897.0) -> 45897 | C38: =IFERROR(__xludf.DUMMYFUNCTION("""COMPUTED_VALUE"""),1.0) -> 1 | D38: =IFERROR(__xludf.DUMMYFUNCTION("""COMPUTED_VALUE"""),"CT MỚI") -> CT MỚI | G38: =IFERROR(__xludf.DUMMYFUNCTION("""COMPUTED_VALUE"""),"HH3967") -> HH3967 | H38: =IFERROR(__xludf.DUMMYFUNCTION("""COMPUTED_VALUE"""),"BAMBOO - VI - 3967 - BAMBOO 10.10.20 TE (chưa xác định) - 500ml - 40") -> BAMBOO - VI - 3967 - BAMBOO 10.10.20 TE (chưa xác định) - 500ml - 40 | I38: =IFERROR(__xludf.DUMMYFUNCTION("""COMPUTED_VALUE"""),"#N/A") -> #N/A | L38: =IFERROR(__xludf.DUMMYFUNCTION("""COMPUTED_VALUE"""),"BB28040725") -> BB28040725 | M38: =IFERROR(__xludf.DUMMYFUNCTION("""COMPUTED_VALUE"""),"BB 10 - 10 - 20 TE") -> BB 10 - 10 - 20 TE | N38: =IFERROR(__xludf.DUMMYFUNCTION("""COMPUTED_VALUE"""),"04VG0038") -> 04VG0038 | O38: =IFERROR(__xludf.DUMMYFUNCTION("""COMPUTED_VALUE"""),"Phân bón hỗn hợp NPK GNC 102") -> Phân bón hỗn hợp NPK GNC 102 | P38: =IFERROR(__xludf.DUMMYFUNCTION("""COMPUTED_VALUE"""),"#N/A") -> #N/A | Q38: =IFERROR(__xludf.DUMMYFUNCTION("""COMPUTED_VALUE"""),"KHÔNG KHỚP") -> KHÔNG KHỚP
A39: =IFERROR(__xludf.DUMMYFUNCTION("""COMPUTED_VALUE"""),36.0) -> 36 | B39: =IFERROR(__xludf.DUMMYFUNCTION("""COMPUTED_VALUE"""),45892.0) -> 45892 | C39: =IFERROR(__xludf.DUMMYFUNCTION("""COMPUTED_VALUE"""),1.0) -> 1 | D39: =IFERROR(__xludf.DUMMYFUNCTION("""COMPUTED_VALUE"""),"CT MỚI") -> CT MỚI | G39: =IFERROR(__xludf.DUMMYFUNCTION("""COMPUTED_VALUE"""),"HH3926") -> HH3926 | H39: =IFERROR(__xludf.DUMMYFUNCTION("""COMPUTED_VALUE"""),"GC - IV - 3926 - Cty Newtex - KẼM XANH T5 (Dạng SC Xanh dương) - 500ml - 40") -> GC - IV - 3926 - Cty Newtex - KẼM XANH T5 (Dạng SC Xanh dương) - 500ml - 40 | I39: =IFERROR(__xludf.DUMMYFUNCTION("""COMPUTED_VALUE"""),"#N/A") -> #N/A | L39: =IFERROR(__xludf.DUMMYFUNCTION("""COMPUTED_VALUE"""),"A06200825") -> A06200825 | M39: =IFERROR(__xludf.DUMMYFUNCTION("""COMPUTED_VALUE"""),"AMINO MAGIE KẼM CAO CẤP 01") -> AMINO MAGIE KẼM CAO CẤP 01 | N39: =IFERROR(__xludf.DUMMYFUNCTION("""COMPUTED_VALUE"""),"23GS0010") -> 23GS0010 | O39: =IFERROR(__xludf.DUMMYFUNCTION("""COMPUTED_VALUE"""),"Phân bón vi lượng Phú Sĩ FJ-09 Kẽm Mg") -> Phân bón vi lượng Phú Sĩ FJ-09 Kẽm Mg | P39: =IFERROR(__xludf.DUMMYFUNCTION("""COMPUTED_VALUE"""),"#N/A") -> #N/A | Q39: =IFERROR(__xludf.DUMMYFUNCTION("""COMPUTED_VALUE"""),"KHÔNG KHỚP") -> KHÔNG KHỚP
A40: =IFERROR(__xludf.DUMMYFUNCTION("""COMPUTED_VALUE"""),37.0) -> 37 | B40: =IFERROR(__xludf.DUMMYFUNCTION("""COMPUTED_VALUE"""),45892.0) -> 45892 | C40: =IFERROR(__xludf.DUMMYFUNCTION("""COMPUTED_VALUE"""),1.0) -> 1 | D40: =IFERROR(__xludf.DUMMYFUNCTION("""COMPUTED_VALUE"""),"CT MỚI") -> CT MỚI | G40: =IFERROR(__xludf.DUMMYFUNCTION("""COMPUTED_VALUE"""),"HH4010") -> HH4010 | H40: =IFERROR(__xludf.DUMMYFUNCTION("""COMPUTED_VALUE"""),"GC - IV - 4010 - AGRITECH HÀ LAN - Phân bón hữu cơ AGRITECH HL CANXI BOZN (Dạng SC - Xanh dương) - 500ml - 40") -> GC - IV - 4010 - AGRITECH HÀ LAN - Phân bón hữu cơ AGRITECH HL CANXI BOZN (Dạng SC - Xanh dương) - 500ml - 40 | I40: =IFERROR(__xludf.DUMMYFUNCTION("""COMPUTED_VALUE"""),"#N/A") -> #N/A | L40: =IFERROR(__xludf.DUMMYFUNCTION("""COMPUTED_VALUE"""),"A01140725") -> A01140725 | M40: =IFERROR(__xludf.DUMMYFUNCTION("""COMPUTED_VALUE"""),"Canxibo Agritech Hà Lan") -> Canxibo Agritech Hà Lan | N40: =IFERROR(__xludf.DUMMYFUNCTION("""COMPUTED_VALUE"""),"10CR0025V2") -> 10CR0025V2 | O40: =IFERROR(__xludf.DUMMYFUNCTION("""COMPUTED_VALUE"""),"Phân bón Hữu cơ AGRITECH HL CANXI BOZN") -> Phân bón Hữu cơ AGRITECH HL CANXI BOZN | P40: =IFERROR(__xludf.DUMMYFUNCTION("""COMPUTED_VALUE"""),"#N/A") -> #N/A | Q40: =IFERROR(__xludf.DUMMYFUNCTION("""COMPUTED_VALUE"""),"KHÔNG KHỚP") -> KHÔNG KHỚP
A41: =IFERROR(__xludf.DUMMYFUNCTION("""COMPUTED_VALUE"""),38.0) -> 38 | B41: =IFERROR(__xludf.DUMMYFUNCTION("""COMPUTED_VALUE"""),45894.0) -> 45894 | C41: =IFERROR(__xludf.DUMMYFUNCTION("""COMPUTED_VALUE"""),1.0) -> 1 | D41: =IFERROR(__xludf.DUMMYFUNCTION("""COMPUTED_VALUE"""),"CT MỚI") -> CT MỚI | G41: =IFERROR(__xludf.DUMMYFUNCTION("""COMPUTED_VALUE"""),"HH3031") -> HH3031 | H41: =IFERROR(__xludf.DUMMYFUNCTION("""COMPUTED_VALUE"""),"GC - IV - 3031 - AGRITECH - NUTI ROOTS 2 USA - 10kg - 1") -> GC - IV - 3031 - AGRITECH - NUTI ROOTS 2 USA - 10kg - 1 | I41: =IFERROR(__xludf.DUMMYFUNCTION("""COMPUTED_VALUE"""),"#N/A") -> #N/A | L41: =IFERROR(__xludf.DUMMYFUNCTION("""COMPUTED_VALUE"""),"A05101224") -> A05101224 | M41: =IFERROR(__xludf.DUMMYFUNCTION("""COMPUTED_VALUE"""),"NUTI ROOTS 2 USA") -> NUTI ROOTS 2 USA | N41: =IFERROR(__xludf.DUMMYFUNCTION("""COMPUTED_VALUE"""),"01RR0059V1") -> 01RR0059V1 | O41: =IFERROR(__xludf.DUMMYFUNCTION("""COMPUTED_VALUE"""),"Phân bón Hữu cơ sinh học Nam Kinh 02") -> Phân bón Hữu cơ sinh học Nam Kinh 02 | P41: =IFERROR(__xludf.DUMMYFUNCTION("""COMPUTED_VALUE"""),"#N/A") -> #N/A | Q41: =IFERROR(__xludf.DUMMYFUNCTION("""COMPUTED_VALUE"""),"KHÔNG KHỚP") -> KHÔNG KHỚP
A42: =IFERROR(__xludf.DUMMYFUNCTION("""COMPUTED_VALUE"""),39.0) -> 39 | B42: =IFERROR(__xludf.DUMMYFUNCTION("""COMPUTED_VALUE"""),"") | C42: =IFERROR(__xludf.DUMMYFUNCTION("""COMPUTED_VALUE"""),2.0) -> 2 | D42: =IFERROR(__xludf.DUMMYFUNCTION("""COMPUTED_VALUE"""),"CT XỬ LÝ LỖI") -> CT XỬ LÝ LỖI | G42: =IFERROR(__xludf.DUMMYFUNCTION("""COMPUTED_VALUE"""),"HH3925") -> HH3925 | H42: =IFERROR(__xludf.DUMMYFUNCTION("""COMPUTED_VALUE"""),"GC - IV - 3925 - Cty Newtex - ĐÒNG TO BÔNG KẸO T7 (Dạng SC màu vàng nhạt) - 500ml - 40") -> GC - IV - 3925 - Cty Newtex - ĐÒNG TO BÔNG KẸO T7 (Dạng SC màu vàng nhạt) - 500ml - 40 | I42: =IFERROR(__xludf.DUMMYFUNCTION("""COMPUTED_VALUE"""),"#N/A") -> #N/A | L42: =IFERROR(__xludf.DUMMYFUNCTION("""COMPUTED_VALUE"""),"") | M42: =IFERROR(__xludf.DUMMYFUNCTION("""COMPUTED_VALUE"""),"") | N42: =IFERROR(__xludf.DUMMYFUNCTION("""COMPUTED_VALUE"""),"03DD0017-56082501") -> 03DD0017-56082501 | O42: =IFERROR(__xludf.DUMMYFUNCTION("""COMPUTED_VALUE"""),"") | P42: =IFERROR(__xludf.DUMMYFUNCTION("""COMPUTED_VALUE"""),"#N/A") -> #N/A | Q42: =IFERROR(__xludf.DUMMYFUNCTION("""COMPUTED_VALUE"""),"KHÔNG KHỚP") -> KHÔNG KHỚP
A43: =IFERROR(__xludf.DUMMYFUNCTION("""COMPUTED_VALUE"""),40.0) -> 40 | B43: =IFERROR(__xludf.DUMMYFUNCTION("""COMPUTED_VALUE"""),"") | C43: =IFERROR(__xludf.DUMMYFUNCTION("""COMPUTED_VALUE"""),2.0) -> 2 | D43: =IFERROR(__xludf.DUMMYFUNCTION("""COMPUTED_VALUE"""),"CT XỬ LÝ LỖI") -> CT XỬ LÝ LỖI | G43: =IFERROR(__xludf.DUMMYFUNCTION("""COMPUTED_VALUE"""),"HH3924") -> HH3924 | H43: =IFERROR(__xludf.DUMMYFUNCTION("""COMPUTED_VALUE"""),"BAMBOO MG KẼM") -> BAMBOO MG KẼM | I43: =IFERROR(__xludf.DUMMYFUNCTION("""COMPUTED_VALUE"""),"#N/A") -> #N/A | L43: =IFERROR(__xludf.DUMMYFUNCTION("""COMPUTED_VALUE"""),"") | M43: =IFERROR(__xludf.DUMMYFUNCTION("""COMPUTED_VALUE"""),"") | N43: =IFERROR(__xludf.DUMMYFUNCTION("""COMPUTED_VALUE"""),"13XL0017-430825") -> 13XL0017-430825 | O43: =IFERROR(__xludf.DUMMYFUNCTION("""COMPUTED_VALUE"""),"") | P43: =IFERROR(__xludf.DUMMYFUNCTION("""COMPUTED_VALUE"""),"#N/A") -> #N/A | Q43: =IFERROR(__xludf.DUMMYFUNCTION("""COMPUTED_VALUE"""),"KHÔNG KHỚP") -> KHÔNG KHỚP
A44: =IFERROR(__xludf.DUMMYFUNCTION("""COMPUTED_VALUE"""),41.0) -> 41 | B44: =IFERROR(__xludf.DUMMYFUNCTION("""COMPUTED_VALUE"""),45895.0) -> 45895 | C44: =IFERROR(__xludf.DUMMYFUNCTION("""COMPUTED_VALUE"""),2.0) -> 2 | D44: =IFERROR(__xludf.DUMMYFUNCTION("""COMPUTED_VALUE"""),"CT XỬ LÝ LỖI") -> CT XỬ LÝ LỖI | G44: =IFERROR(__xludf.DUMMYFUNCTION("""COMPUTED_VALUE"""),"HH3933") -> HH3933 | H44: =IFERROR(__xludf.DUMMYFUNCTION("""COMPUTED_VALUE"""),"LOTUS AGROCHEM - VII - 3933 - LOTUS DIỆP LỤC (Nước trắng sữa) - 500ml - 40") -> LOTUS AGROCHEM - VII - 3933 - LOTUS DIỆP LỤC (Nước trắng sữa) - 500ml - 40 | I44: =IFERROR(__xludf.DUMMYFUNCTION("""COMPUTED_VALUE"""),"#N/A") -> #N/A | L44: =IFERROR(__xludf.DUMMYFUNCTION("""COMPUTED_VALUE"""),"BB26040725") -> BB26040725 | M44: =IFERROR(__xludf.DUMMYFUNCTION("""COMPUTED_VALUE"""),"BB MAGIE KẼM") -> BB MAGIE KẼM | N44: =IFERROR(__xludf.DUMMYFUNCTION("""COMPUTED_VALUE"""),"13XL0017 - XL01") -> 13XL0017 - XL01 | O44: =IFERROR(__xludf.DUMMYFUNCTION("""COMPUTED_VALUE"""),"Phân bón vi lượng Phú Sĩ FJ-09 Kẽm Mg") -> Phân bón vi lượng Phú Sĩ FJ-09 Kẽm Mg | P44: =IFERROR(__xludf.DUMMYFUNCTION("""COMPUTED_VALUE"""),"#N/A") -> #N/A | Q44: =IFERROR(__xludf.DUMMYFUNCTION("""COMPUTED_VALUE"""),"KHÔNG KHỚP") -> KHÔNG KHỚP
A45: =IFERROR(__xludf.DUMMYFUNCTION("""COMPUTED_VALUE"""),42.0) -> 42 | B45: =IFERROR(__xludf.DUMMYFUNCTION("""COMPUTED_VALUE"""),45896.0) -> 45896 | C45: =IFERROR(__xludf.DUMMYFUNCTION("""COMPUTED_VALUE"""),1.0) -> 1 | D45: =IFERROR(__xludf.DUMMYFUNCTION("""COMPUTED_VALUE"""),"CT MỚI") -> CT MỚI | G45: =IFERROR(__xludf.DUMMYFUNCTION("""COMPUTED_VALUE"""),"HH3982") -> HH3982 | H45: =IFERROR(__xludf.DUMMYFUNCTION("""COMPUTED_VALUE"""),"DR.XANH - VIII - 3982 - ROBUST EXTRA (Gel nâu đen) - 500ml - 40") -> DR.XANH - VIII - 3982 - ROBUST EXTRA (Gel nâu đen) - 500ml - 40 | I45: =IFERROR(__xludf.DUMMYFUNCTION("""COMPUTED_VALUE"""),"#N/A") -> #N/A | L45: =IFERROR(__xludf.DUMMYFUNCTION("""COMPUTED_VALUE"""),"X01180825") -> X01180825 | M45: =IFERROR(__xludf.DUMMYFUNCTION("""COMPUTED_VALUE"""),"ROBUST EXTRA") -> ROBUST EXTRA | N45: =IFERROR(__xludf.DUMMYFUNCTION("""COMPUTED_VALUE"""),"01RR0071") -> 01RR0071 | O45: =IFERROR(__xludf.DUMMYFUNCTION("""COMPUTED_VALUE"""),"Phân bón hữu cơ ROOTS US90") -> Phân bón hữu cơ ROOTS US90 | P45: =IFERROR(__xludf.DUMMYFUNCTION("""COMPUTED_VALUE"""),"#N/A") -> #N/A | Q45: =IFERROR(__xludf.DUMMYFUNCTION("""COMPUTED_VALUE"""),"KHÔNG KHỚP") -> KHÔNG KHỚP
A46: =IFERROR(__xludf.DUMMYFUNCTION("""COMPUTED_VALUE"""),43.0) -> 43 | B46: =IFERROR(__xludf.DUMMYFUNCTION("""COMPUTED_VALUE"""),45896.0) -> 45896 | C46: =IFERROR(__xludf.DUMMYFUNCTION("""COMPUTED_VALUE"""),1.0) -> 1 | D46: =IFERROR(__xludf.DUMMYFUNCTION("""COMPUTED_VALUE"""),"CT MỚI") -> CT MỚI | G46: =IFERROR(__xludf.DUMMYFUNCTION("""COMPUTED_VALUE"""),"HH3983") -> HH3983 | H46: =IFERROR(__xludf.DUMMYFUNCTION("""COMPUTED_VALUE"""),"DR.XANH - VIII - 3983 - ROBUST EXTRA (Gel nâu đen) - 250ml - 40") -> DR.XANH - VIII - 3983 - ROBUST EXTRA (Gel nâu đen) - 250ml - 40 | I46: =IFERROR(__xludf.DUMMYFUNCTION("""COMPUTED_VALUE"""),"#N/A") -> #N/A | L46: =IFERROR(__xludf.DUMMYFUNCTION("""COMPUTED_VALUE"""),"X01180825") -> X01180825 | M46: =IFERROR(__xludf.DUMMYFUNCTION("""COMPUTED_VALUE"""),"ROBUST EXTRA") -> ROBUST EXTRA | N46: =IFERROR(__xludf.DUMMYFUNCTION("""COMPUTED_VALUE"""),"01RR0071") -> 01RR0071 | O46: =IFERROR(__xludf.DUMMYFUNCTION("""COMPUTED_VALUE"""),"Phân bón hữu cơ ROOTS US90") -> Phân bón hữu cơ ROOTS US90 | P46: =IFERROR(__xludf.DUMMYFUNCTION("""COMPUTED_VALUE"""),"#N/A") -> #N/A | Q46: =IFERROR(__xludf.DUMMYFUNCTION("""COMPUTED_VALUE"""),"KHÔNG KHỚP") -> KHÔNG KHỚP
A47: =IFERROR(__xludf.DUMMYFUNCTION("""COMPUTED_VALUE"""),44.0) -> 44 | B47: =IFERROR(__xludf.DUMMYFUNCTION("""COMPUTED_VALUE"""),45897.0) -> 45897 | C47: =IFERROR(__xludf.DUMMYFUNCTION("""COMPUTED_VALUE"""),1.0) -> 1 | D47: =IFERROR(__xludf.DUMMYFUNCTION("""COMPUTED_VALUE"""),"CT MỚI") -> CT MỚI | G47: =IFERROR(__xludf.DUMMYFUNCTION("""COMPUTED_VALUE"""),"NA0020") -> NA0020 | H47: =IFERROR(__xludf.DUMMYFUNCTION("""COMPUTED_VALUE"""),"NA0020") -> NA0020 | I47: =IFERROR(__xludf.DUMMYFUNCTION("""COMPUTED_VALUE"""),"#N/A") -> #N/A | M47: =IFERROR(__xludf.DUMMYFUNCTION("""COMPUTED_VALUE"""),"PHỤ GIA NA0020") -> PHỤ GIA NA0020 | N47: =IFERROR(__xludf.DUMMYFUNCTION("""COMPUTED_VALUE"""),"NA0020") -> NA0020 | P47: =IFERROR(__xludf.DUMMYFUNCTION("""COMPUTED_VALUE"""),"#N/A") -> #N/A | Q47: =IFERROR(__xludf.DUMMYFUNCTION("""COMPUTED_VALUE"""),"KHÔNG KHỚP") -> KHÔNG KHỚP
A48: =IFERROR(__xludf.DUMMYFUNCTION("""COMPUTED_VALUE"""),45.0) -> 45 | B48: =IFERROR(__xludf.DUMMYFUNCTION("""COMPUTED_VALUE"""),45905.0) -> 45905 | C48: =IFERROR(__xludf.DUMMYFUNCTION("""COMPUTED_VALUE"""),1.0) -> 1 | D48: =IFERROR(__xludf.DUMMYFUNCTION("""COMPUTED_VALUE"""),"CT MỚI") -> CT MỚI | G48: =IFERROR(__xludf.DUMMYFUNCTION("""COMPUTED_VALUE"""),"HH3960") -> HH3960 | H48: =IFERROR(__xludf.DUMMYFUNCTION("""COMPUTED_VALUE"""),"GC - IV - 3960 - Cty Hương Nông - HN-pH++ (Nước nâu đen) - 5L - 4") -> GC - IV - 3960 - Cty Hương Nông - HN-pH++ (Nước nâu đen) - 5L - 4 | I48: =IFERROR(__xludf.DUMMYFUNCTION("""COMPUTED_VALUE"""),"#N/A") -> #N/A | M48: =IFERROR(__xludf.DUMMYFUNCTION("""COMPUTED_VALUE"""),"HN-pH++") -> HN-pH++ | N48: =IFERROR(__xludf.DUMMYFUNCTION("""COMPUTED_VALUE"""),"01RR0014V4") -> 01RR0014V4 | O48: =IFERROR(__xludf.DUMMYFUNCTION("""COMPUTED_VALUE"""),"Phân bón Hữu cơ SH Agro Organic Fertilizer 20") -> Phân bón Hữu cơ SH Agro Organic Fertilizer 20 | P48: =IFERROR(__xludf.DUMMYFUNCTION("""COMPUTED_VALUE"""),"#N/A") -> #N/A | Q48: =IFERROR(__xludf.DUMMYFUNCTION("""COMPUTED_VALUE"""),"KHÔNG KHỚP") -> KHÔNG KHỚP
A49: =IFERROR(__xludf.DUMMYFUNCTION("""COMPUTED_VALUE"""),46.0) -> 46 | B49: =IFERROR(__xludf.DUMMYFUNCTION("""COMPUTED_VALUE"""),45904.0) -> 45904 | C49: =IFERROR(__xludf.DUMMYFUNCTION("""COMPUTED_VALUE"""),1.0) -> 1 | D49: =IFERROR(__xludf.DUMMYFUNCTION("""COMPUTED_VALUE"""),"CT MỚI") -> CT MỚI | G49: =IFERROR(__xludf.DUMMYFUNCTION("""COMPUTED_VALUE"""),"HH3750") -> HH3750 | H49: =IFERROR(__xludf.DUMMYFUNCTION("""COMPUTED_VALUE"""),"BAMBOO - VI - 3750 - BAMBOO ORGANIC (nước nâu đen) - 1L - 20") -> BAMBOO - VI - 3750 - BAMBOO ORGANIC (nước nâu đen) - 1L - 20 | I49: =IFERROR(__xludf.DUMMYFUNCTION("""COMPUTED_VALUE"""),"#N/A") -> #N/A | M49: =IFERROR(__xludf.DUMMYFUNCTION("""COMPUTED_VALUE"""),"BAMBOO ORGANIC IDA ORGANIC FEED") -> BAMBOO ORGANIC IDA ORGANIC FEED | N49: =IFERROR(__xludf.DUMMYFUNCTION("""COMPUTED_VALUE"""),"01RR0025V3") -> 01RR0025V3 | O49: =IFERROR(__xludf.DUMMYFUNCTION("""COMPUTED_VALUE"""),"Phân bón Hữu cơ SH Agro Organic Fertilizer 20") -> Phân bón Hữu cơ SH Agro Organic Fertilizer 20 | P49: =IFERROR(__xludf.DUMMYFUNCTION("""COMPUTED_VALUE"""),"#N/A") -> #N/A | Q49: =IFERROR(__xludf.DUMMYFUNCTION("""COMPUTED_VALUE"""),"KHÔNG KHỚP") -> KHÔNG KHỚP
A50: =IFERROR(__xludf.DUMMYFUNCTION("""COMPUTED_VALUE"""),47.0) -> 47 | B50: =IFERROR(__xludf.DUMMYFUNCTION("""COMPUTED_VALUE"""),45905.0) -> 45905 | C50: =IFERROR(__xludf.DUMMYFUNCTION("""COMPUTED_VALUE"""),1.0) -> 1 | D50: =IFERROR(__xludf.DUMMYFUNCTION("""COMPUTED_VALUE"""),"CT MỚI") -> CT MỚI | G50: =IFERROR(__xludf.DUMMYFUNCTION("""COMPUTED_VALUE"""),"HH3249") -> HH3249 | H50: =IFERROR(__xludf.DUMMYFUNCTION("""COMPUTED_VALUE"""),"IDA Global - I - 3249 - KG - ORGANIC X2 (Nước nâu đen) - 1L - 20") -> IDA Global - I - 3249 - KG - ORGANIC X2 (Nước nâu đen) - 1L - 20 | I50: =IFERROR(__xludf.DUMMYFUNCTION("""COMPUTED_VALUE"""),"#N/A") -> #N/A | M50: =IFERROR(__xludf.DUMMYFUNCTION("""COMPUTED_VALUE"""),"ORGANIC X2") -> ORGANIC X2 | N50: =IFERROR(__xludf.DUMMYFUNCTION("""COMPUTED_VALUE"""),"01RR0044V2") -> 01RR0044V2 | O50: =IFERROR(__xludf.DUMMYFUNCTION("""COMPUTED_VALUE"""),"Phân bón Hữu cơ SH Agro Organic Fertilizer 20") -> Phân bón Hữu cơ SH Agro Organic Fertilizer 20 | P50: =IFERROR(__xludf.DUMMYFUNCTION("""COMPUTED_VALUE"""),"#N/A") -> #N/A | Q50: =IFERROR(__xludf.DUMMYFUNCTION("""COMPUTED_VALUE"""),"KHÔNG KHỚP") -> KHÔNG KHỚP
A51: =IFERROR(__xludf.DUMMYFUNCTION("""COMPUTED_VALUE"""),48.0) -> 48 | B51: =IFERROR(__xludf.DUMMYFUNCTION("""COMPUTED_VALUE"""),45905.0) -> 45905 | C51: =IFERROR(__xludf.DUMMYFUNCTION("""COMPUTED_VALUE"""),1.0) -> 1 | D51: =IFERROR(__xludf.DUMMYFUNCTION("""COMPUTED_VALUE"""),"CT MỚI") -> CT MỚI | G51: =IFERROR(__xludf.DUMMYFUNCTION("""COMPUTED_VALUE"""),"HH4091") -> HH4091 | H51: =IFERROR(__xludf.DUMMYFUNCTION("""COMPUTED_VALUE"""),"IDA Global - I - 4091 - KG - ORGANIC X2 (Nước nâu đen) - 1L - 20") -> IDA Global - I - 4091 - KG - ORGANIC X2 (Nước nâu đen) - 1L - 20 | I51: =IFERROR(__xludf.DUMMYFUNCTION("""COMPUTED_VALUE"""),"#N/A") -> #N/A | M51: =IFERROR(__xludf.DUMMYFUNCTION("""COMPUTED_VALUE"""),"ORGANIC X2") -> ORGANIC X2 | N51: =IFERROR(__xludf.DUMMYFUNCTION("""COMPUTED_VALUE"""),"01RR0044V2") -> 01RR0044V2 | O51: =IFERROR(__xludf.DUMMYFUNCTION("""COMPUTED_VALUE"""),"Phân bón Hữu cơ SH Agro Organic Fertilizer 20") -> Phân bón Hữu cơ SH Agro Organic Fertilizer 20 | P51: =IFERROR(__xludf.DUMMYFUNCTION("""COMPUTED_VALUE"""),"#N/A") -> #N/A | Q51: =IFERROR(__xludf.DUMMYFUNCTION("""COMPUTED_VALUE"""),"KHÔNG KHỚP") -> KHÔNG KHỚP
A52: =IFERROR(__xludf.DUMMYFUNCTION("""COMPUTED_VALUE"""),49.0) -> 49 | B52: =IFERROR(__xludf.DUMMYFUNCTION("""COMPUTED_VALUE"""),45905.0) -> 45905 | C52: =IFERROR(__xludf.DUMMYFUNCTION("""COMPUTED_VALUE"""),1.0) -> 1 | D52: =IFERROR(__xludf.DUMMYFUNCTION("""COMPUTED_VALUE"""),"CT MỚI") -> CT MỚI | G52: =IFERROR(__xludf.DUMMYFUNCTION("""COMPUTED_VALUE"""),"HH3170") -> HH3170 | H52: =IFERROR(__xludf.DUMMYFUNCTION("""COMPUTED_VALUE"""),"IDA Global - I - 3170 - IDA ORGANIC X2 (Nước nâu đen) - 1L - 20") -> IDA Global - I - 3170 - IDA ORGANIC X2 (Nước nâu đen) - 1L - 20 | I52: =IFERROR(__xludf.DUMMYFUNCTION("""COMPUTED_VALUE"""),"#N/A") -> #N/A | M52: =IFERROR(__xludf.DUMMYFUNCTION("""COMPUTED_VALUE"""),"ORGANIC X2") -> ORGANIC X2 | N52: =IFERROR(__xludf.DUMMYFUNCTION("""COMPUTED_VALUE"""),"01RR0044V2") -> 01RR0044V2 | O52: =IFERROR(__xludf.DUMMYFUNCTION("""COMPUTED_VALUE"""),"Phân bón Hữu cơ SH Agro Organic Fertilizer 20") -> Phân bón Hữu cơ SH Agro Organic Fertilizer 20 | P52: =IFERROR(__xludf.DUMMYFUNCTION("""COMPUTED_VALUE"""),"#N/A") -> #N/A | Q52: =IFERROR(__xludf.DUMMYFUNCTION("""COMPUTED_VALUE"""),"KHÔNG KHỚP") -> KHÔNG KHỚP
A53: =IFERROR(__xludf.DUMMYFUNCTION("""COMPUTED_VALUE"""),50.0) -> 50 | B53: =IFERROR(__xludf.DUMMYFUNCTION("""COMPUTED_VALUE"""),45910.0) -> 45910 | C53: =IFERROR(__xludf.DUMMYFUNCTION("""COMPUTED_VALUE"""),1.0) -> 1 | D53: =IFERROR(__xludf.DUMMYFUNCTION("""COMPUTED_VALUE"""),"CT MỚI") -> CT MỚI | G53: =IFERROR(__xludf.DUMMYFUNCTION("""COMPUTED_VALUE"""),"HH4043") -> HH4043 | H53: =IFERROR(__xludf.DUMMYFUNCTION("""COMPUTED_VALUE"""),"DR.XANH - VIII - 4043 - DR.HUCO (Nước nâu đen) - 1L - 20") -> DR.XANH - VIII - 4043 - DR.HUCO (Nước nâu đen) - 1L - 20 | I53: =IFERROR(__xludf.DUMMYFUNCTION("""COMPUTED_VALUE"""),"#N/A") -> #N/A | L53: =IFERROR(__xludf.DUMMYFUNCTION("""COMPUTED_VALUE"""),"N04181224 X05121224") -> N04181224 X05121224 | M53: =IFERROR(__xludf.DUMMYFUNCTION("""COMPUTED_VALUE"""),"N2 BOOSTER DR.HUCO") -> N2 BOOSTER DR.HUCO | N53: =IFERROR(__xludf.DUMMYFUNCTION("""COMPUTED_VALUE"""),"01RR0041V1") -> 01RR0041V1 | O53: =IFERROR(__xludf.DUMMYFUNCTION("""COMPUTED_VALUE"""),"Phân bón Hữu cơ ORGANIC BM GOLD FW") -> Phân bón Hữu cơ ORGANIC BM GOLD FW | P53: =IFERROR(__xludf.DUMMYFUNCTION("""COMPUTED_VALUE"""),"#N/A") -> #N/A | Q53: =IFERROR(__xludf.DUMMYFUNCTION("""COMPUTED_VALUE"""),"KHÔNG KHỚP") -> KHÔNG KHỚP
A54: =IFERROR(__xludf.DUMMYFUNCTION("""COMPUTED_VALUE"""),51.0) -> 51 | B54: =IFERROR(__xludf.DUMMYFUNCTION("""COMPUTED_VALUE"""),45885.0) -> 45885 | C54: =IFERROR(__xludf.DUMMYFUNCTION("""COMPUTED_VALUE"""),1.0) -> 1 | D54: =IFERROR(__xludf.DUMMYFUNCTION("""COMPUTED_VALUE"""),"CT MỚI") -> CT MỚI | G54: =IFERROR(__xludf.DUMMYFUNCTION("""COMPUTED_VALUE"""),"HH3888") -> HH3888 | H54: =IFERROR(__xludf.DUMMYFUNCTION("""COMPUTED_VALUE"""),"IDA Global - I - 3888 - VG RICE 02 - 500ml - 40") -> IDA Global - I - 3888 - VG RICE 02 - 500ml - 40 | I54: =IFERROR(__xludf.DUMMYFUNCTION("""COMPUTED_VALUE"""),"#N/A") -> #N/A | L54: =IFERROR(__xludf.DUMMYFUNCTION("""COMPUTED_VALUE"""),"I02180225") -> I02180225 | M54: =IFERROR(__xludf.DUMMYFUNCTION("""COMPUTED_VALUE"""),"VG RICE 02") -> VG RICE 02 | N54: =IFERROR(__xludf.DUMMYFUNCTION("""COMPUTED_VALUE"""),"04VG0033") -> 04VG0033 | O54: =IFERROR(__xludf.DUMMYFUNCTION("""COMPUTED_VALUE"""),"Phân bón NPK-Vi lượng HC CAN") -> Phân bón NPK-Vi lượng HC CAN | P54: =IFERROR(__xludf.DUMMYFUNCTION("""COMPUTED_VALUE"""),"#N/A") -> #N/A | Q54: =IFERROR(__xludf.DUMMYFUNCTION("""COMPUTED_VALUE"""),"KHÔNG KHỚP") -> KHÔNG KHỚP
A55: =IFERROR(__xludf.DUMMYFUNCTION("""COMPUTED_VALUE"""),52.0) -> 52 | B55: =IFERROR(__xludf.DUMMYFUNCTION("""COMPUTED_VALUE"""),45896.0) -> 45896 | C55: =IFERROR(__xludf.DUMMYFUNCTION("""COMPUTED_VALUE"""),1.0) -> 1 | D55: =IFERROR(__xludf.DUMMYFUNCTION("""COMPUTED_VALUE"""),"CT MỚI") -> CT MỚI | G55: =IFERROR(__xludf.DUMMYFUNCTION("""COMPUTED_VALUE"""),"HH3998") -> HH3998 | H55: =IFERROR(__xludf.DUMMYFUNCTION("""COMPUTED_VALUE"""),"GC - IV - 3998 - CTY NAUY - SUPER NANO (Nước nâu đen) - 500ml - 40") -> GC - IV - 3998 - CTY NAUY - SUPER NANO (Nước nâu đen) - 500ml - 40 | I55: =IFERROR(__xludf.DUMMYFUNCTION("""COMPUTED_VALUE"""),"#N/A") -> #N/A | L55: =IFERROR(__xludf.DUMMYFUNCTION("""COMPUTED_VALUE"""),"A07190825") -> A07190825 | M55: =IFERROR(__xludf.DUMMYFUNCTION("""COMPUTED_VALUE"""),"VÔ GẠO NAUY") -> VÔ GẠO NAUY | N55: =IFERROR(__xludf.DUMMYFUNCTION("""COMPUTED_VALUE"""),"04VG0039") -> 04VG0039 | O55: =IFERROR(__xludf.DUMMYFUNCTION("""COMPUTED_VALUE"""),"Phân bón Hỗn hợp NPK AGAMA-SRH") -> Phân bón Hỗn hợp NPK AGAMA-SRH | P55: =IFERROR(__xludf.DUMMYFUNCTION("""COMPUTED_VALUE"""),"#N/A") -> #N/A | Q55: =IFERROR(__xludf.DUMMYFUNCTION("""COMPUTED_VALUE"""),"KHÔNG KHỚP") -> KHÔNG KHỚP
A56: =IFERROR(__xludf.DUMMYFUNCTION("""COMPUTED_VALUE"""),53.0) -> 53 | B56: =IFERROR(__xludf.DUMMYFUNCTION("""COMPUTED_VALUE"""),45896.0) -> 45896 | C56: =IFERROR(__xludf.DUMMYFUNCTION("""COMPUTED_VALUE"""),1.0) -> 1 | D56: =IFERROR(__xludf.DUMMYFUNCTION("""COMPUTED_VALUE"""),"CT MỚI") -> CT MỚI | G56: =IFERROR(__xludf.DUMMYFUNCTION("""COMPUTED_VALUE"""),"HH4021") -> HH4021 | H56: =IFERROR(__xludf.DUMMYFUNCTION("""COMPUTED_VALUE"""),"GC - II - 4021 - GC ABA (A. QUYẾT) - GROW FAST (nước nâu đen) - 20L - 1") -> GC - II - 4021 - GC ABA (A. QUYẾT) - GROW FAST (nước nâu đen) - 20L - 1 | I56: =IFERROR(__xludf.DUMMYFUNCTION("""COMPUTED_VALUE"""),"#N/A") -> #N/A | L56: =IFERROR(__xludf.DUMMYFUNCTION("""COMPUTED_VALUE"""),"A01090825") -> A01090825 | M56: =IFERROR(__xludf.DUMMYFUNCTION("""COMPUTED_VALUE"""),"Kéo đọt dưỡng lá") -> Kéo đọt dưỡng lá | N56: =IFERROR(__xludf.DUMMYFUNCTION("""COMPUTED_VALUE"""),"05KC0010") -> 05KC0010 | O56: =IFERROR(__xludf.DUMMYFUNCTION("""COMPUTED_VALUE"""),"Phân bón Hữu cơ ORGANIC ĐGP 01 ") -> Phân bón Hữu cơ ORGANIC ĐGP 01 | P56: =IFERROR(__xludf.DUMMYFUNCTION("""COMPUTED_VALUE"""),"#N/A") -> #N/A | Q56: =IFERROR(__xludf.DUMMYFUNCTION("""COMPUTED_VALUE"""),"KHÔNG KHỚP") -> KHÔNG KHỚP
A57: =IFERROR(__xludf.DUMMYFUNCTION("""COMPUTED_VALUE"""),54.0) -> 54 | B57: =IFERROR(__xludf.DUMMYFUNCTION("""COMPUTED_VALUE"""),45889.0) -> 45889 | C57: =IFERROR(__xludf.DUMMYFUNCTION("""COMPUTED_VALUE"""),1.0) -> 1 | D57: =IFERROR(__xludf.DUMMYFUNCTION("""COMPUTED_VALUE"""),"CT MỚI") -> CT MỚI | G57: =IFERROR(__xludf.DUMMYFUNCTION("""COMPUTED_VALUE"""),"HH3965") -> HH3965 | H57: =IFERROR(__xludf.DUMMYFUNCTION("""COMPUTED_VALUE"""),"GC - IV - 3965 - THÀNH CÔNG AGRI - STOP ĐỌT (Nước nâu đen V2) - 1L - 20") -> GC - IV - 3965 - THÀNH CÔNG AGRI - STOP ĐỌT (Nước nâu đen V2) - 1L - 20 | I57: =IFERROR(__xludf.DUMMYFUNCTION("""COMPUTED_VALUE"""),"#N/A") -> #N/A | L57: =IFERROR(__xludf.DUMMYFUNCTION("""COMPUTED_VALUE"""),"CHẶN ĐỌT DÒNG V2") -> CHẶN ĐỌT DÒNG V2 | M57: =IFERROR(__xludf.DUMMYFUNCTION("""COMPUTED_VALUE"""),"STOP UP MT STOP AGRI STOP STOP ĐỌT SIÊU CHẶN ĐỌT MASTER STOP UNI STOP ONE BAMBOO DOUBLE STOP") -> STOP UP MT STOP AGRI STOP STOP ĐỌT SIÊU CHẶN ĐỌT MASTER STOP UNI STOP ONE BAMBOO DOUBLE STOP | N57: =IFERROR(__xludf.DUMMYFUNCTION("""COMPUTED_VALUE"""),"06CD0009V1") -> 06CD0009V1 | O57: =IFERROR(__xludf.DUMMYFUNCTION("""COMPUTED_VALUE"""),"Phân bón Vi lượng Quantity New") -> Phân bón Vi lượng Quantity New | P57: =IFERROR(__xludf.DUMMYFUNCTION("""COMPUTED_VALUE"""),"#N/A") -> #N/A | Q57: =IFERROR(__xludf.DUMMYFUNCTION("""COMPUTED_VALUE"""),"KHÔNG KHỚP") -> KHÔNG KHỚP
A58: =IFERROR(__xludf.DUMMYFUNCTION("""COMPUTED_VALUE"""),55.0) -> 55 | B58: =IFERROR(__xludf.DUMMYFUNCTION("""COMPUTED_VALUE"""),45889.0) -> 45889 | C58: =IFERROR(__xludf.DUMMYFUNCTION("""COMPUTED_VALUE"""),1.0) -> 1 | D58: =IFERROR(__xludf.DUMMYFUNCTION("""COMPUTED_VALUE"""),"CT MỚI") -> CT MỚI | G58: =IFERROR(__xludf.DUMMYFUNCTION("""COMPUTED_VALUE"""),"HH4039") -> HH4039 | H58: =IFERROR(__xludf.DUMMYFUNCTION("""COMPUTED_VALUE"""),"GC - IV - 4039 - CTY CROP MAX - CỨNG CÂY (Nước nâu đen) - 500ml - 30") -> GC - IV - 4039 - CTY CROP MAX - CỨNG CÂY (Nước nâu đen) - 500ml - 30 | I58: =IFERROR(__xludf.DUMMYFUNCTION("""COMPUTED_VALUE"""),"#N/A") -> #N/A | L58: =IFERROR(__xludf.DUMMYFUNCTION("""COMPUTED_VALUE"""),"CHẶN ĐỌT DÒNG V2") -> CHẶN ĐỌT DÒNG V2 | M58: =IFERROR(__xludf.DUMMYFUNCTION("""COMPUTED_VALUE"""),"STOP UP MT STOP AGRI STOP STOP ĐỌT SIÊU CHẶN ĐỌT MASTER STOP UNI STOP ONE BAMBOO DOUBLE STOP") -> STOP UP MT STOP AGRI STOP STOP ĐỌT SIÊU CHẶN ĐỌT MASTER STOP UNI STOP ONE BAMBOO DOUBLE STOP | N58: =IFERROR(__xludf.DUMMYFUNCTION("""COMPUTED_VALUE"""),"06CD0009V1") -> 06CD0009V1 | O58: =IFERROR(__xludf.DUMMYFUNCTION("""COMPUTED_VALUE"""),"Phân bón Vi lượng Quantity New") -> Phân bón Vi lượng Quantity New | P58: =IFERROR(__xludf.DUMMYFUNCTION("""COMPUTED_VALUE"""),"#N/A") -> #N/A | Q58: =IFERROR(__xludf.DUMMYFUNCTION("""COMPUTED_VALUE"""),"KHÔNG KHỚP") -> KHÔNG KHỚP
A59: =IFERROR(__xludf.DUMMYFUNCTION("""COMPUTED_VALUE"""),56.0) -> 56 | B59: =IFERROR(__xludf.DUMMYFUNCTION("""COMPUTED_VALUE"""),45889.0) -> 45889 | C59: =IFERROR(__xludf.DUMMYFUNCTION("""COMPUTED_VALUE"""),1.0) -> 1 | D59: =IFERROR(__xludf.DUMMYFUNCTION("""COMPUTED_VALUE"""),"CT MỚI") -> CT MỚI | G59: =IFERROR(__xludf.DUMMYFUNCTION("""COMPUTED_VALUE"""),"HH4040") -> HH4040 | H59: =IFERROR(__xludf.DUMMYFUNCTION("""COMPUTED_VALUE"""),"GC - IV - 4040 - AGRITECH - AGRI STOP (Nước nâu đen) - 1L - 20") -> GC - IV - 4040 - AGRITECH - AGRI STOP (Nước nâu đen) - 1L - 20 | I59: =IFERROR(__xludf.DUMMYFUNCTION("""COMPUTED_VALUE"""),"Vi lượng Quantity New") -> Vi lượng Quantity New | L59: =IFERROR(__xludf.DUMMYFUNCTION("""COMPUTED_VALUE"""),"CHẶN ĐỌT DÒNG V2") -> CHẶN ĐỌT DÒNG V2 | M59: =IFERROR(__xludf.DUMMYFUNCTION("""COMPUTED_VALUE"""),"STOP UP MT STOP AGRI STOP STOP ĐỌT SIÊU CHẶN ĐỌT MASTER STOP UNI STOP ONE BAMBOO DOUBLE STOP") -> STOP UP MT STOP AGRI STOP STOP ĐỌT SIÊU CHẶN ĐỌT MASTER STOP UNI STOP ONE BAMBOO DOUBLE STOP | N59: =IFERROR(__xludf.DUMMYFUNCTION("""COMPUTED_VALUE"""),"06CD0009V1") -> 06CD0009V1 | O59: =IFERROR(__xludf.DUMMYFUNCTION("""COMPUTED_VALUE"""),"Phân bón Vi lượng Quantity New") -> Phân bón Vi lượng Quantity New | P59: =IFERROR(__xludf.DUMMYFUNCTION("""COMPUTED_VALUE"""),"Phân bón Vi lượng Quantity New") -> Phân bón Vi lượng Quantity New | Q59: =IFERROR(__xludf.DUMMYFUNCTION("""COMPUTED_VALUE"""),"KHỚP") -> KHỚP
A60: =IFERROR(__xludf.DUMMYFUNCTION("""COMPUTED_VALUE"""),57.0) -> 57 | B60: =IFERROR(__xludf.DUMMYFUNCTION("""COMPUTED_VALUE"""),45905.0) -> 45905 | C60: =IFERROR(__xludf.DUMMYFUNCTION("""COMPUTED_VALUE"""),1.0) -> 1 | D60: =IFERROR(__xludf.DUMMYFUNCTION("""COMPUTED_VALUE"""),"CT MỚI") -> CT MỚI | G60: =IFERROR(__xludf.DUMMYFUNCTION("""COMPUTED_VALUE"""),"HH2749") -> HH2749 | H60: =IFERROR(__xludf.DUMMYFUNCTION("""COMPUTED_VALUE"""),"GC - II - 2749 - CSSX An Khang (A.Dinh) - TAK12.61 (Dạng tinh thể màu trắng) - 2kg - 10") -> GC - II - 2749 - CSSX An Khang (A.Dinh) - TAK12.61 (Dạng tinh thể màu trắng) - 2kg - 10 | I60: =IFERROR(__xludf.DUMMYFUNCTION("""COMPUTED_VALUE"""),"#N/A") -> #N/A | L60: =IFERROR(__xludf.DUMMYFUNCTION("""COMPUTED_VALUE"""),"A06200824") -> A06200824 | M60: =IFERROR(__xludf.DUMMYFUNCTION("""COMPUTED_VALUE"""),"SIÊU TẠO MẦM") -> SIÊU TẠO MẦM | N60: =IFERROR(__xludf.DUMMYFUNCTION("""COMPUTED_VALUE"""),"08TM0016") -> 08TM0016 | O60: =IFERROR(__xludf.DUMMYFUNCTION("""COMPUTED_VALUE"""),"Phân bón Vi lượng AGAMA-BATFUNG") -> Phân bón Vi lượng AGAMA-BATFUNG | P60: =IFERROR(__xludf.DUMMYFUNCTION("""COMPUTED_VALUE"""),"#N/A") -> #N/A | Q60: =IFERROR(__xludf.DUMMYFUNCTION("""COMPUTED_VALUE"""),"KHÔNG KHỚP") -> KHÔNG KHỚP
A61: =IFERROR(__xludf.DUMMYFUNCTION("""COMPUTED_VALUE"""),58.0) -> 58 | B61: =IFERROR(__xludf.DUMMYFUNCTION("""COMPUTED_VALUE"""),45892.0) -> 45892 | C61: =IFERROR(__xludf.DUMMYFUNCTION("""COMPUTED_VALUE"""),1.0) -> 1 | D61: =IFERROR(__xludf.DUMMYFUNCTION("""COMPUTED_VALUE"""),"CT MỚI") -> CT MỚI | G61: =IFERROR(__xludf.DUMMYFUNCTION("""COMPUTED_VALUE"""),"HH4029") -> HH4029 | H61: =IFERROR(__xludf.DUMMYFUNCTION("""COMPUTED_VALUE"""),"GC - IV - 4029 - Cty Hương Nông - Đậu Trái (Nước vàng mật ong) - 500ml - 40") -> GC - IV - 4029 - Cty Hương Nông - Đậu Trái (Nước vàng mật ong) - 500ml - 40 | I61: =IFERROR(__xludf.DUMMYFUNCTION("""COMPUTED_VALUE"""),"#N/A") -> #N/A | M61: =IFERROR(__xludf.DUMMYFUNCTION("""COMPUTED_VALUE"""),"ULTRA KEO CABOR BOCAX US.BOCAXX") -> ULTRA KEO CABOR BOCAX US.BOCAXX | N61: =IFERROR(__xludf.DUMMYFUNCTION("""COMPUTED_VALUE"""),"10CR0001V1") -> 10CR0001V1 | O61: =IFERROR(__xludf.DUMMYFUNCTION("""COMPUTED_VALUE"""),"Phân bón Vi lượng Run Fast") -> Phân bón Vi lượng Run Fast | P61: =IFERROR(__xludf.DUMMYFUNCTION("""COMPUTED_VALUE"""),"#N/A") -> #N/A | Q61: =IFERROR(__xludf.DUMMYFUNCTION("""COMPUTED_VALUE"""),"KHÔNG KHỚP") -> KHÔNG KHỚP
A62: =IFERROR(__xludf.DUMMYFUNCTION("""COMPUTED_VALUE"""),59.0) -> 59 | B62: =IFERROR(__xludf.DUMMYFUNCTION("""COMPUTED_VALUE"""),45892.0) -> 45892 | C62: =IFERROR(__xludf.DUMMYFUNCTION("""COMPUTED_VALUE"""),1.0) -> 1 | D62: =IFERROR(__xludf.DUMMYFUNCTION("""COMPUTED_VALUE"""),"CT MỚI") -> CT MỚI | G62: =IFERROR(__xludf.DUMMYFUNCTION("""COMPUTED_VALUE"""),"HH1625") -> HH1625 | H62: =IFERROR(__xludf.DUMMYFUNCTION("""COMPUTED_VALUE"""),"GC - II - 1625 - AGC - BOCAX (nước vàng) - 500ml - 40") -> GC - II - 1625 - AGC - BOCAX (nước vàng) - 500ml - 40 | I62: =IFERROR(__xludf.DUMMYFUNCTION("""COMPUTED_VALUE"""),"#N/A") -> #N/A | M62: =IFERROR(__xludf.DUMMYFUNCTION("""COMPUTED_VALUE"""),"ULTRA KEO CABOR BOCAX US.BOCAXX") -> ULTRA KEO CABOR BOCAX US.BOCAXX | N62: =IFERROR(__xludf.DUMMYFUNCTION("""COMPUTED_VALUE"""),"10CR0001V1") -> 10CR0001V1 | O62: =IFERROR(__xludf.DUMMYFUNCTION("""COMPUTED_VALUE"""),"Phân bón Vi lượng Run Fast") -> Phân bón Vi lượng Run Fast | P62: =IFERROR(__xludf.DUMMYFUNCTION("""COMPUTED_VALUE"""),"#N/A") -> #N/A | Q62: =IFERROR(__xludf.DUMMYFUNCTION("""COMPUTED_VALUE"""),"KHÔNG KHỚP") -> KHÔNG KHỚP
A63: =IFERROR(__xludf.DUMMYFUNCTION("""COMPUTED_VALUE"""),60.0) -> 60 | B63: =IFERROR(__xludf.DUMMYFUNCTION("""COMPUTED_VALUE"""),45896.0) -> 45896 | C63: =IFERROR(__xludf.DUMMYFUNCTION("""COMPUTED_VALUE"""),1.0) -> 1 | D63: =IFERROR(__xludf.DUMMYFUNCTION("""COMPUTED_VALUE"""),"CT MỚI") -> CT MỚI | G63: =IFERROR(__xludf.DUMMYFUNCTION("""COMPUTED_VALUE"""),"HH3883") -> HH3883 | H63: =IFERROR(__xludf.DUMMYFUNCTION("""COMPUTED_VALUE"""),"GC - IV - 3883 - CTY DONA VINA - CANXIBO MAXI (Nước trắng sữa) - 500ml - 40") -> GC - IV - 3883 - CTY DONA VINA - CANXIBO MAXI (Nước trắng sữa) - 500ml - 40 | I63: =IFERROR(__xludf.DUMMYFUNCTION("""COMPUTED_VALUE"""),"#N/A") -> #N/A | L63: =IFERROR(__xludf.DUMMYFUNCTION("""COMPUTED_VALUE"""),"A02160725") -> A02160725 | M63: =IFERROR(__xludf.DUMMYFUNCTION("""COMPUTED_VALUE"""),"AGAMA-CANXI BO (KIM NGỌC)") -> AGAMA-CANXI BO (KIM NGỌC) | N63: =IFERROR(__xludf.DUMMYFUNCTION("""COMPUTED_VALUE"""),"10CR0021") -> 10CR0021 | O63: =IFERROR(__xludf.DUMMYFUNCTION("""COMPUTED_VALUE"""),"Phân bón Vi lượng AGAMA-CANXI BO") -> Phân bón Vi lượng AGAMA-CANXI BO | P63: =IFERROR(__xludf.DUMMYFUNCTION("""COMPUTED_VALUE"""),"#N/A") -> #N/A | Q63: =IFERROR(__xludf.DUMMYFUNCTION("""COMPUTED_VALUE"""),"KHÔNG KHỚP") -> KHÔNG KHỚP
A64: =IFERROR(__xludf.DUMMYFUNCTION("""COMPUTED_VALUE"""),61.0) -> 61 | B64: =IFERROR(__xludf.DUMMYFUNCTION("""COMPUTED_VALUE"""),45896.0) -> 45896 | C64: =IFERROR(__xludf.DUMMYFUNCTION("""COMPUTED_VALUE"""),1.0) -> 1 | D64: =IFERROR(__xludf.DUMMYFUNCTION("""COMPUTED_VALUE"""),"CT MỚI") -> CT MỚI | G64: =IFERROR(__xludf.DUMMYFUNCTION("""COMPUTED_VALUE"""),"HH4013") -> HH4013 | H64: =IFERROR(__xludf.DUMMYFUNCTION("""COMPUTED_VALUE"""),"GC - IV - 4013 - BIO FARMS - BIO CANXI BO (Nước trắng sữa) - 250ml - 40") -> GC - IV - 4013 - BIO FARMS - BIO CANXI BO (Nước trắng sữa) - 250ml - 40 | I64: =IFERROR(__xludf.DUMMYFUNCTION("""COMPUTED_VALUE"""),"#N/A") -> #N/A | L64: =IFERROR(__xludf.DUMMYFUNCTION("""COMPUTED_VALUE"""),"A02160725") -> A02160725 | M64: =IFERROR(__xludf.DUMMYFUNCTION("""COMPUTED_VALUE"""),"AGAMA-CANXI BO (KIM NGỌC)") -> AGAMA-CANXI BO (KIM NGỌC) | N64: =IFERROR(__xludf.DUMMYFUNCTION("""COMPUTED_VALUE"""),"10CR0021") -> 10CR0021 | O64: =IFERROR(__xludf.DUMMYFUNCTION("""COMPUTED_VALUE"""),"Phân bón Vi lượng AGAMA-CANXI BO") -> Phân bón Vi lượng AGAMA-CANXI BO | P64: =IFERROR(__xludf.DUMMYFUNCTION("""COMPUTED_VALUE"""),"#N/A") -> #N/A | Q64: =IFERROR(__xludf.DUMMYFUNCTION("""COMPUTED_VALUE"""),"KHÔNG KHỚP") -> KHÔNG KHỚP
A65: =IFERROR(__xludf.DUMMYFUNCTION("""COMPUTED_VALUE"""),62.0) -> 62 | B65: =IFERROR(__xludf.DUMMYFUNCTION("""COMPUTED_VALUE"""),45905.0) -> 45905 | C65: =IFERROR(__xludf.DUMMYFUNCTION("""COMPUTED_VALUE"""),1.0) -> 1 | D65: =IFERROR(__xludf.DUMMYFUNCTION("""COMPUTED_VALUE"""),"CT MỚI") -> CT MỚI | G65: =IFERROR(__xludf.DUMMYFUNCTION("""COMPUTED_VALUE"""),"HH2788") -> HH2788 | H65: =IFERROR(__xludf.DUMMYFUNCTION("""COMPUTED_VALUE"""),"GC - II - 2788 - LOT AGC - AGRICULTURE - NANO CU (Nước xanh dương) - 500ml - 40") -> GC - II - 2788 - LOT AGC - AGRICULTURE - NANO CU (Nước xanh dương) - 500ml - 40 | I65: =IFERROR(__xludf.DUMMYFUNCTION("""COMPUTED_VALUE"""),"#N/A") -> #N/A | L65: =IFERROR(__xludf.DUMMYFUNCTION("""COMPUTED_VALUE"""),"A02300524") -> A02300524 | M65: =IFERROR(__xludf.DUMMYFUNCTION("""COMPUTED_VALUE"""),"NANO CU ") -> NANO CU | N65: =IFERROR(__xludf.DUMMYFUNCTION("""COMPUTED_VALUE"""),"17KN0007") -> 17KN0007 | O65: =IFERROR(__xludf.DUMMYFUNCTION("""COMPUTED_VALUE"""),"Phân bón Vi lượng Agama-CU") -> Phân bón Vi lượng Agama-CU | P65: =IFERROR(__xludf.DUMMYFUNCTION("""COMPUTED_VALUE"""),"#N/A") -> #N/A | Q65: =IFERROR(__xludf.DUMMYFUNCTION("""COMPUTED_VALUE"""),"KHÔNG KHỚP") -> KHÔNG KHỚP
A66: =IFERROR(__xludf.DUMMYFUNCTION("""COMPUTED_VALUE"""),63.0) -> 63 | B66: =IFERROR(__xludf.DUMMYFUNCTION("""COMPUTED_VALUE"""),45905.0) -> 45905 | C66: =IFERROR(__xludf.DUMMYFUNCTION("""COMPUTED_VALUE"""),1.0) -> 1 | D66: =IFERROR(__xludf.DUMMYFUNCTION("""COMPUTED_VALUE"""),"CT MỚI") -> CT MỚI | G66: =IFERROR(__xludf.DUMMYFUNCTION("""COMPUTED_VALUE"""),"HH3910") -> HH3910 | H66: =IFERROR(__xludf.DUMMYFUNCTION("""COMPUTED_VALUE"""),"IDA Global - I - 3910 - Lưu dẫn thấm sâu mới (Nước xanh dương) - 120ml - 50") -> IDA Global - I - 3910 - Lưu dẫn thấm sâu mới (Nước xanh dương) - 120ml - 50 | I66: =IFERROR(__xludf.DUMMYFUNCTION("""COMPUTED_VALUE"""),"#N/A") -> #N/A | M66: =IFERROR(__xludf.DUMMYFUNCTION("""COMPUTED_VALUE"""),"LƯU DẪN THẤM SẤU ") -> LƯU DẪN THẤM SẤU | N66: =IFERROR(__xludf.DUMMYFUNCTION("""COMPUTED_VALUE"""),"18TL0002V1") -> 18TL0002V1 | O66: =IFERROR(__xludf.DUMMYFUNCTION("""COMPUTED_VALUE"""),"Phân bón Vi lượng Quantity New") -> Phân bón Vi lượng Quantity New | P66: =IFERROR(__xludf.DUMMYFUNCTION("""COMPUTED_VALUE"""),"#N/A") -> #N/A | Q66: =IFERROR(__xludf.DUMMYFUNCTION("""COMPUTED_VALUE"""),"KHÔNG KHỚP") -> KHÔNG KHỚP
A67: =IFERROR(__xludf.DUMMYFUNCTION("""COMPUTED_VALUE"""),64.0) -> 64 | B67: =IFERROR(__xludf.DUMMYFUNCTION("""COMPUTED_VALUE"""),45905.0) -> 45905 | C67: =IFERROR(__xludf.DUMMYFUNCTION("""COMPUTED_VALUE"""),1.0) -> 1 | D67: =IFERROR(__xludf.DUMMYFUNCTION("""COMPUTED_VALUE"""),"CT MỚI") -> CT MỚI | G67: =IFERROR(__xludf.DUMMYFUNCTION("""COMPUTED_VALUE"""),"HH4054") -> HH4054 | H67: =IFERROR(__xludf.DUMMYFUNCTION("""COMPUTED_VALUE"""),"GC - IV - 4054 - CTY HIỆP PHÁT ABC - HP-03 (Bột trắng) - 100gr - 100") -> GC - IV - 4054 - CTY HIỆP PHÁT ABC - HP-03 (Bột trắng) - 100gr - 100 | I67: =IFERROR(__xludf.DUMMYFUNCTION("""COMPUTED_VALUE"""),"#N/A") -> #N/A | L67: =IFERROR(__xludf.DUMMYFUNCTION("""COMPUTED_VALUE"""),"A03131224") -> A03131224 | M67: =IFERROR(__xludf.DUMMYFUNCTION("""COMPUTED_VALUE"""),"TAK03") -> TAK03 | N67: =IFERROR(__xludf.DUMMYFUNCTION("""COMPUTED_VALUE"""),"19DD0025") -> 19DD0025 | O67: =IFERROR(__xludf.DUMMYFUNCTION("""COMPUTED_VALUE"""),"Phân bón Vi lượng AGAMA-BATFUNG") -> Phân bón Vi lượng AGAMA-BATFUNG | P67: =IFERROR(__xludf.DUMMYFUNCTION("""COMPUTED_VALUE"""),"#N/A") -> #N/A | Q67: =IFERROR(__xludf.DUMMYFUNCTION("""COMPUTED_VALUE"""),"KHÔNG KHỚP") -> KHÔNG KHỚP
A68: =IFERROR(__xludf.DUMMYFUNCTION("""COMPUTED_VALUE"""),65.0) -> 65 | B68: =IFERROR(__xludf.DUMMYFUNCTION("""COMPUTED_VALUE"""),45887.0) -> 45887 | C68: =IFERROR(__xludf.DUMMYFUNCTION("""COMPUTED_VALUE"""),1.0) -> 1 | D68: =IFERROR(__xludf.DUMMYFUNCTION("""COMPUTED_VALUE"""),"CT MỚI") -> CT MỚI | G68: =IFERROR(__xludf.DUMMYFUNCTION("""COMPUTED_VALUE"""),"HH3988") -> HH3988 | H68: =IFERROR(__xludf.DUMMYFUNCTION("""COMPUTED_VALUE"""),"GC - IV - 3988 - CTY USAFARM - MAGIE-KẼM (Gel xanh lá) - 500ml - 40") -> GC - IV - 3988 - CTY USAFARM - MAGIE-KẼM (Gel xanh lá) - 500ml - 40 | I68: =IFERROR(__xludf.DUMMYFUNCTION("""COMPUTED_VALUE"""),"#N/A") -> #N/A | L68: =IFERROR(__xludf.DUMMYFUNCTION("""COMPUTED_VALUE"""),"A04070825") -> A04070825 | M68: =IFERROR(__xludf.DUMMYFUNCTION("""COMPUTED_VALUE"""),"Amino Magie kẽm 02") -> Amino Magie kẽm 02 | N68: =IFERROR(__xludf.DUMMYFUNCTION("""COMPUTED_VALUE"""),"23GS0004") -> 23GS0004 | O68: =IFERROR(__xludf.DUMMYFUNCTION("""COMPUTED_VALUE"""),"Phân bón vi lượng Phú Sĩ FJ-09 Kẽm Mg") -> Phân bón vi lượng Phú Sĩ FJ-09 Kẽm Mg | P68: =IFERROR(__xludf.DUMMYFUNCTION("""COMPUTED_VALUE"""),"#N/A") -> #N/A | Q68: =IFERROR(__xludf.DUMMYFUNCTION("""COMPUTED_VALUE"""),"KHÔNG KHỚP") -> KHÔNG KHỚP
A69: =IFERROR(__xludf.DUMMYFUNCTION("""COMPUTED_VALUE"""),66.0) -> 66 | B69: =IFERROR(__xludf.DUMMYFUNCTION("""COMPUTED_VALUE"""),45903.0) -> 45903 | C69: =IFERROR(__xludf.DUMMYFUNCTION("""COMPUTED_VALUE"""),3.0) -> 3 | D69: =IFERROR(__xludf.DUMMYFUNCTION("""COMPUTED_VALUE"""),"CT XỬ LÝ LỖI") -> CT XỬ LÝ LỖI | G69: =IFERROR(__xludf.DUMMYFUNCTION("""COMPUTED_VALUE"""),"HH3925") -> HH3925 | H69: =IFERROR(__xludf.DUMMYFUNCTION("""COMPUTED_VALUE"""),"GC - IV - 3925 - Cty Newtex - ĐÒNG TO BÔNG KẸO T7 (Dạng SC màu vàng nhạt) - 500ml - 40") -> GC - IV - 3925 - Cty Newtex - ĐÒNG TO BÔNG KẸO T7 (Dạng SC màu vàng nhạt) - 500ml - 40 | I69: =IFERROR(__xludf.DUMMYFUNCTION("""COMPUTED_VALUE"""),"#N/A") -> #N/A | L69: =IFERROR(__xludf.DUMMYFUNCTION("""COMPUTED_VALUE"""),"XỬ LÝ BTP-02 ") -> XỬ LÝ BTP-02 | M69: =IFERROR(__xludf.DUMMYFUNCTION("""COMPUTED_VALUE"""),"TO ĐỒNG") -> TO ĐỒNG | N69: =IFERROR(__xludf.DUMMYFUNCTION("""COMPUTED_VALUE"""),"03DD0017-56082502") -> 03DD0017-56082502 | O69: =IFERROR(__xludf.DUMMYFUNCTION("""COMPUTED_VALUE"""),"Phân bón lá NPK-Vi lượng GNC 19") -> Phân bón lá NPK-Vi lượng GNC 19 | P69: =IFERROR(__xludf.DUMMYFUNCTION("""COMPUTED_VALUE"""),"#N/A") -> #N/A | Q69: =IFERROR(__xludf.DUMMYFUNCTION("""COMPUTED_VALUE"""),"KHÔNG KHỚP") -> KHÔNG KHỚP
A70: =IFERROR(__xludf.DUMMYFUNCTION("""COMPUTED_VALUE"""),67.0) -> 67 | B70: =IFERROR(__xludf.DUMMYFUNCTION("""COMPUTED_VALUE"""),45905.0) -> 45905 | C70: =IFERROR(__xludf.DUMMYFUNCTION("""COMPUTED_VALUE"""),1.0) -> 1 | D70: =IFERROR(__xludf.DUMMYFUNCTION("""COMPUTED_VALUE"""),"CT XỬ LÝ LỖI") -> CT XỬ LÝ LỖI | G70: =IFERROR(__xludf.DUMMYFUNCTION("""COMPUTED_VALUE"""),"HH4044") -> HH4044 | H70: =IFERROR(__xludf.DUMMYFUNCTION("""COMPUTED_VALUE"""),"GC - IV - 4044 - Cty Sen Hồng - ROOT+ (Gel xanh dương) - 500ml - 40") -> GC - IV - 4044 - Cty Sen Hồng - ROOT+ (Gel xanh dương) - 500ml - 40 | I70: =IFERROR(__xludf.DUMMYFUNCTION("""COMPUTED_VALUE"""),"#N/A") -> #N/A | L70: =IFERROR(__xludf.DUMMYFUNCTION("""COMPUTED_VALUE"""),"XỬ LÝ BTP LỖI") -> XỬ LÝ BTP LỖI | M70: =IFERROR(__xludf.DUMMYFUNCTION("""COMPUTED_VALUE"""),"ROOT+") -> ROOT+ | N70: =IFERROR(__xludf.DUMMYFUNCTION("""COMPUTED_VALUE"""),"01RR0039-24042501") -> 01RR0039-24042501 | O70: =IFERROR(__xludf.DUMMYFUNCTION("""COMPUTED_VALUE"""),"Phân bón Vi lượng AGAMA-SUPPORT") -> Phân bón Vi lượng AGAMA-SUPPORT | P70: =IFERROR(__xludf.DUMMYFUNCTION("""COMPUTED_VALUE"""),"#N/A") -> #N/A | Q70: =IFERROR(__xludf.DUMMYFUNCTION("""COMPUTED_VALUE"""),"KHÔNG KHỚP") -> KHÔNG KHỚP
A71: =IFERROR(__xludf.DUMMYFUNCTION("""COMPUTED_VALUE"""),68.0) -> 68 | B71: =IFERROR(__xludf.DUMMYFUNCTION("""COMPUTED_VALUE"""),45910.0) -> 45910 | C71: =IFERROR(__xludf.DUMMYFUNCTION("""COMPUTED_VALUE"""),1.0) -> 1 | D71: =IFERROR(__xludf.DUMMYFUNCTION("""COMPUTED_VALUE"""),"CT MỚI") -> CT MỚI | G71: =IFERROR(__xludf.DUMMYFUNCTION("""COMPUTED_VALUE"""),"HH4089") -> HH4089 | H71: =IFERROR(__xludf.DUMMYFUNCTION("""COMPUTED_VALUE"""),"DR.XANH - VIII - 4089 - DR.XTRESS (Nước nâu đen) - 250ml - 40") -> DR.XANH - VIII - 4089 - DR.XTRESS (Nước nâu đen) - 250ml - 40 | I71: =IFERROR(__xludf.DUMMYFUNCTION("""COMPUTED_VALUE"""),"#N/A") -> #N/A | L71: =IFERROR(__xludf.DUMMYFUNCTION("""COMPUTED_VALUE"""),"N04181224 X05121224") -> N04181224 X05121224 | M71: =IFERROR(__xludf.DUMMYFUNCTION("""COMPUTED_VALUE"""),"N2 BOOSTER DR.HUCO") -> N2 BOOSTER DR.HUCO | N71: =IFERROR(__xludf.DUMMYFUNCTION("""COMPUTED_VALUE"""),"01RR0041V1") -> 01RR0041V1 | O71: =IFERROR(__xludf.DUMMYFUNCTION("""COMPUTED_VALUE"""),"Phân bón Hữu cơ ORGANIC BM GOLD FW") -> Phân bón Hữu cơ ORGANIC BM GOLD FW | P71: =IFERROR(__xludf.DUMMYFUNCTION("""COMPUTED_VALUE"""),"#N/A") -> #N/A | Q71: =IFERROR(__xludf.DUMMYFUNCTION("""COMPUTED_VALUE"""),"KHÔNG KHỚP") -> KHÔNG KHỚP
A72: =IFERROR(__xludf.DUMMYFUNCTION("""COMPUTED_VALUE"""),69.0) -> 69 | B72: =IFERROR(__xludf.DUMMYFUNCTION("""COMPUTED_VALUE"""),45908.0) -> 45908 | C72: =IFERROR(__xludf.DUMMYFUNCTION("""COMPUTED_VALUE"""),1.0) -> 1 | D72: =IFERROR(__xludf.DUMMYFUNCTION("""COMPUTED_VALUE"""),"CT MỚI") -> CT MỚI | G72: =IFERROR(__xludf.DUMMYFUNCTION("""COMPUTED_VALUE"""),"HH3994") -> HH3994 | H72: =IFERROR(__xludf.DUMMYFUNCTION("""COMPUTED_VALUE"""),"IDA Global - I - 3994 - RONADO (Nước tím) - 450ml - 40") -> IDA Global - I - 3994 - RONADO (Nước tím) - 450ml - 40 | I72: =IFERROR(__xludf.DUMMYFUNCTION("""COMPUTED_VALUE"""),"#N/A") -> #N/A | L72: =IFERROR(__xludf.DUMMYFUNCTION("""COMPUTED_VALUE"""),"L03130525") -> L03130525 | M72: =IFERROR(__xludf.DUMMYFUNCTION("""COMPUTED_VALUE"""),"RONADO (CẢI TIẾN)") -> RONADO (CẢI TIẾN) | N72: =IFERROR(__xludf.DUMMYFUNCTION("""COMPUTED_VALUE"""),"01RR0072") -> 01RR0072 | O72: =IFERROR(__xludf.DUMMYFUNCTION("""COMPUTED_VALUE"""),"Phân bón Hỗn hợp NP AGAMA-AP") -> Phân bón Hỗn hợp NP AGAMA-AP | P72: =IFERROR(__xludf.DUMMYFUNCTION("""COMPUTED_VALUE"""),"#N/A") -> #N/A | Q72: =IFERROR(__xludf.DUMMYFUNCTION("""COMPUTED_VALUE"""),"KHÔNG KHỚP") -> KHÔNG KHỚP
A73: =IFERROR(__xludf.DUMMYFUNCTION("""COMPUTED_VALUE"""),70.0) -> 70 | B73: =IFERROR(__xludf.DUMMYFUNCTION("""COMPUTED_VALUE"""),45896.0) -> 45896 | C73: =IFERROR(__xludf.DUMMYFUNCTION("""COMPUTED_VALUE"""),1.0) -> 1 | D73: =IFERROR(__xludf.DUMMYFUNCTION("""COMPUTED_VALUE"""),"CT MỚI") -> CT MỚI | G73: =IFERROR(__xludf.DUMMYFUNCTION("""COMPUTED_VALUE"""),"HH4049") -> HH4049 | H73: =IFERROR(__xludf.DUMMYFUNCTION("""COMPUTED_VALUE"""),"GC - IV - 4049 - WINDY ALS - CALCIBOZIN (Dạng SC - Trắng sữa) - 500ml - 40") -> GC - IV - 4049 - WINDY ALS - CALCIBOZIN (Dạng SC - Trắng sữa) - 500ml - 40 | I73: =IFERROR(__xludf.DUMMYFUNCTION("""COMPUTED_VALUE"""),"#N/A") -> #N/A | L73: =IFERROR(__xludf.DUMMYFUNCTION("""COMPUTED_VALUE"""),"A02160725") -> A02160725 | M73: =IFERROR(__xludf.DUMMYFUNCTION("""COMPUTED_VALUE"""),"AGAMA-CANXI BO (KIM NGỌC)") -> AGAMA-CANXI BO (KIM NGỌC) | N73: =IFERROR(__xludf.DUMMYFUNCTION("""COMPUTED_VALUE"""),"10CR0021") -> 10CR0021 | O73: =IFERROR(__xludf.DUMMYFUNCTION("""COMPUTED_VALUE"""),"Phân bón Vi lượng AGAMA-CANXI BO") -> Phân bón Vi lượng AGAMA-CANXI BO | P73: =IFERROR(__xludf.DUMMYFUNCTION("""COMPUTED_VALUE"""),"#N/A") -> #N/A | Q73: =IFERROR(__xludf.DUMMYFUNCTION("""COMPUTED_VALUE"""),"KHÔNG KHỚP") -> KHÔNG KHỚP
A74: =IFERROR(__xludf.DUMMYFUNCTION("""COMPUTED_VALUE"""),71.0) -> 71 | B74: =IFERROR(__xludf.DUMMYFUNCTION("""COMPUTED_VALUE"""),45896.0) -> 45896 | C74: =IFERROR(__xludf.DUMMYFUNCTION("""COMPUTED_VALUE"""),1.0) -> 1 | D74: =IFERROR(__xludf.DUMMYFUNCTION("""COMPUTED_VALUE"""),"CT MỚI") -> CT MỚI | G74: =IFERROR(__xludf.DUMMYFUNCTION("""COMPUTED_VALUE"""),"HH3953") -> HH3953 | H74: =IFERROR(__xludf.DUMMYFUNCTION("""COMPUTED_VALUE"""),"GC - IV - 3953 - CTY THIÊN DI - THIDI CANXIBO (Nước trắng sữa) - 500ml - 40") -> GC - IV - 3953 - CTY THIÊN DI - THIDI CANXIBO (Nước trắng sữa) - 500ml - 40 | I74: =IFERROR(__xludf.DUMMYFUNCTION("""COMPUTED_VALUE"""),"#N/A") -> #N/A | L74: =IFERROR(__xludf.DUMMYFUNCTION("""COMPUTED_VALUE"""),"A02160725") -> A02160725 | M74: =IFERROR(__xludf.DUMMYFUNCTION("""COMPUTED_VALUE"""),"AGAMA-CANXI BO (KIM NGỌC)") -> AGAMA-CANXI BO (KIM NGỌC) | N74: =IFERROR(__xludf.DUMMYFUNCTION("""COMPUTED_VALUE"""),"10CR0021") -> 10CR0021 | O74: =IFERROR(__xludf.DUMMYFUNCTION("""COMPUTED_VALUE"""),"Phân bón Vi lượng AGAMA-CANXI BO") -> Phân bón Vi lượng AGAMA-CANXI BO | P74: =IFERROR(__xludf.DUMMYFUNCTION("""COMPUTED_VALUE"""),"#N/A") -> #N/A | Q74: =IFERROR(__xludf.DUMMYFUNCTION("""COMPUTED_VALUE"""),"KHÔNG KHỚP") -> KHÔNG KHỚP
A75: =IFERROR(__xludf.DUMMYFUNCTION("""COMPUTED_VALUE"""),72.0) -> 72 | B75: =IFERROR(__xludf.DUMMYFUNCTION("""COMPUTED_VALUE"""),45909.0) -> 45909 | C75: =IFERROR(__xludf.DUMMYFUNCTION("""COMPUTED_VALUE"""),1.0) -> 1 | D75: =IFERROR(__xludf.DUMMYFUNCTION("""COMPUTED_VALUE"""),"CT MỚI") -> CT MỚI | G75: =IFERROR(__xludf.DUMMYFUNCTION("""COMPUTED_VALUE"""),"HH4050") -> HH4050 | H75: =IFERROR(__xludf.DUMMYFUNCTION("""COMPUTED_VALUE"""),"GC - IV - 4050 - WINDY ALS - ZINC-MAGIE (Dạng SC - Xanh lá) - 450ml - 40") -> GC - IV - 4050 - WINDY ALS - ZINC-MAGIE (Dạng SC - Xanh lá) - 450ml - 40 | I75: =IFERROR(__xludf.DUMMYFUNCTION("""COMPUTED_VALUE"""),"#N/A") -> #N/A | L75: =IFERROR(__xludf.DUMMYFUNCTION("""COMPUTED_VALUE"""),"A05200825") -> A05200825 | M75: =IFERROR(__xludf.DUMMYFUNCTION("""COMPUTED_VALUE"""),"AMINO MAGIE - KẼM CAO CẤP 02") -> AMINO MAGIE - KẼM CAO CẤP 02 | N75: =IFERROR(__xludf.DUMMYFUNCTION("""COMPUTED_VALUE"""),"23GS0011") -> 23GS0011 | O75: =IFERROR(__xludf.DUMMYFUNCTION("""COMPUTED_VALUE"""),"Phân bón vi lượng Phú Sĩ FJ-09 Kẽm Mg") -> Phân bón vi lượng Phú Sĩ FJ-09 Kẽm Mg | P75: =IFERROR(__xludf.DUMMYFUNCTION("""COMPUTED_VALUE"""),"#N/A") -> #N/A | Q75: =IFERROR(__xludf.DUMMYFUNCTION("""COMPUTED_VALUE"""),"KHÔNG KHỚP") -> KHÔNG KHỚP
A76: =IFERROR(__xludf.DUMMYFUNCTION("""COMPUTED_VALUE"""),73.0) -> 73 | B76: =IFERROR(__xludf.DUMMYFUNCTION("""COMPUTED_VALUE"""),45908.0) -> 45908 | C76: =IFERROR(__xludf.DUMMYFUNCTION("""COMPUTED_VALUE"""),1.0) -> 1 | D76: =IFERROR(__xludf.DUMMYFUNCTION("""COMPUTED_VALUE"""),"CT MỚI") -> CT MỚI | G76: =IFERROR(__xludf.DUMMYFUNCTION("""COMPUTED_VALUE"""),"HH1913") -> HH1913 | H76: =IFERROR(__xludf.DUMMYFUNCTION("""COMPUTED_VALUE"""),"GC - IV - 1913 - HÓA NÔNG SHINO - COMBI SHINO PLUS+ (Nước xanh lá) - 250ml - 40") -> GC - IV - 1913 - HÓA NÔNG SHINO - COMBI SHINO PLUS+ (Nước xanh lá) - 250ml - 40 | I76: =IFERROR(__xludf.DUMMYFUNCTION("""COMPUTED_VALUE"""),"#N/A") -> #N/A | M76: =IFERROR(__xludf.DUMMYFUNCTION("""COMPUTED_VALUE"""),"COMBI SHINO PLUS+") -> COMBI SHINO PLUS+ | N76: =IFERROR(__xludf.DUMMYFUNCTION("""COMPUTED_VALUE"""),"16VL0001V1") -> 16VL0001V1 | O76: =IFERROR(__xludf.DUMMYFUNCTION("""COMPUTED_VALUE"""),"Phân bón Vi lượng Quantity New") -> Phân bón Vi lượng Quantity New | P76: =IFERROR(__xludf.DUMMYFUNCTION("""COMPUTED_VALUE"""),"#N/A") -> #N/A | Q76: =IFERROR(__xludf.DUMMYFUNCTION("""COMPUTED_VALUE"""),"KHÔNG KHỚP") -> KHÔNG KHỚP
A77: =IFERROR(__xludf.DUMMYFUNCTION("""COMPUTED_VALUE"""),74.0) -> 74 | B77: =IFERROR(__xludf.DUMMYFUNCTION("""COMPUTED_VALUE"""),45897.0) -> 45897 | C77: =IFERROR(__xludf.DUMMYFUNCTION("""COMPUTED_VALUE"""),1.0) -> 1 | D77: =IFERROR(__xludf.DUMMYFUNCTION("""COMPUTED_VALUE"""),"CT MỚI") -> CT MỚI | G77: =IFERROR(__xludf.DUMMYFUNCTION("""COMPUTED_VALUE"""),"HH2893") -> HH2893 | H77: =IFERROR(__xludf.DUMMYFUNCTION("""COMPUTED_VALUE"""),"GC - IV - 2893 - CTY ASAHI NHẬT BẢN - KINONE KÍCH RỄ (Nước nâu đen) - 22kg - 1") -> GC - IV - 2893 - CTY ASAHI NHẬT BẢN - KINONE KÍCH RỄ (Nước nâu đen) - 22kg - 1 | I77: =IFERROR(__xludf.DUMMYFUNCTION("""COMPUTED_VALUE"""),"#N/A") -> #N/A | L77: =IFERROR(__xludf.DUMMYFUNCTION("""COMPUTED_VALUE"""),"A06291024") -> A06291024 | M77: =IFERROR(__xludf.DUMMYFUNCTION("""COMPUTED_VALUE"""),"ULTRA BUD") -> ULTRA BUD | N77: =IFERROR(__xludf.DUMMYFUNCTION("""COMPUTED_VALUE"""),"01RR0036V1") -> 01RR0036V1 | O77: =IFERROR(__xludf.DUMMYFUNCTION("""COMPUTED_VALUE"""),"Phân bón Hữu cơ SH Agro Organic Fertilizer 20") -> Phân bón Hữu cơ SH Agro Organic Fertilizer 20 | P77: =IFERROR(__xludf.DUMMYFUNCTION("""COMPUTED_VALUE"""),"#N/A") -> #N/A | Q77: =IFERROR(__xludf.DUMMYFUNCTION("""COMPUTED_VALUE"""),"KHÔNG KHỚP") -> KHÔNG KHỚP
A78: =IFERROR(__xludf.DUMMYFUNCTION("""COMPUTED_VALUE"""),75.0) -> 75 | B78: =IFERROR(__xludf.DUMMYFUNCTION("""COMPUTED_VALUE"""),45908.0) -> 45908 | C78: =IFERROR(__xludf.DUMMYFUNCTION("""COMPUTED_VALUE"""),1.0) -> 1 | D78: =IFERROR(__xludf.DUMMYFUNCTION("""COMPUTED_VALUE"""),"CT MỚI") -> CT MỚI | G78: =IFERROR(__xludf.DUMMYFUNCTION("""COMPUTED_VALUE"""),"HH4052") -> HH4052 | H78: =IFERROR(__xludf.DUMMYFUNCTION("""COMPUTED_VALUE"""),"GC - IV - 4052 - AGRITECH - NUTI ROOTS 02 (Nước nâu đen) - 1L - 20") -> GC - IV - 4052 - AGRITECH - NUTI ROOTS 02 (Nước nâu đen) - 1L - 20 | I78: =IFERROR(__xludf.DUMMYFUNCTION("""COMPUTED_VALUE"""),"#N/A") -> #N/A | L78: =IFERROR(__xludf.DUMMYFUNCTION("""COMPUTED_VALUE"""),"A20280225") -> A20280225 | M78: =IFERROR(__xludf.DUMMYFUNCTION("""COMPUTED_VALUE"""),"BETA VUA RỄ") -> BETA VUA RỄ | N78: =IFERROR(__xludf.DUMMYFUNCTION("""COMPUTED_VALUE"""),"01RR0050") -> 01RR0050 | O78: =IFERROR(__xludf.DUMMYFUNCTION("""COMPUTED_VALUE"""),"Phân bón Hỗn hợp NP AGAMA-AP") -> Phân bón Hỗn hợp NP AGAMA-AP | P78: =IFERROR(__xludf.DUMMYFUNCTION("""COMPUTED_VALUE"""),"#N/A") -> #N/A | Q78: =IFERROR(__xludf.DUMMYFUNCTION("""COMPUTED_VALUE"""),"KHÔNG KHỚP") -> KHÔNG KHỚP
A79: =IFERROR(__xludf.DUMMYFUNCTION("""COMPUTED_VALUE"""),76.0) -> 76 | B79: =IFERROR(__xludf.DUMMYFUNCTION("""COMPUTED_VALUE"""),45911.0) -> 45911 | C79: =IFERROR(__xludf.DUMMYFUNCTION("""COMPUTED_VALUE"""),1.0) -> 1 | D79: =IFERROR(__xludf.DUMMYFUNCTION("""COMPUTED_VALUE"""),"CT MỚI") -> CT MỚI | G79: =IFERROR(__xludf.DUMMYFUNCTION("""COMPUTED_VALUE"""),"HH4086") -> HH4086 | H79: =IFERROR(__xludf.DUMMYFUNCTION("""COMPUTED_VALUE"""),"GC - IV - 4086 - CTY QUANG ĐĂNG AGRICULTURE - GROW BOOST (Nước nâu đen) - 500ml - 40") -> GC - IV - 4086 - CTY QUANG ĐĂNG AGRICULTURE - GROW BOOST (Nước nâu đen) - 500ml - 40 | I79: =IFERROR(__xludf.DUMMYFUNCTION("""COMPUTED_VALUE"""),"#N/A") -> #N/A | M79: =IFERROR(__xludf.DUMMYFUNCTION("""COMPUTED_VALUE"""),"GROW BOOST") -> GROW BOOST | N79: =IFERROR(__xludf.DUMMYFUNCTION("""COMPUTED_VALUE"""),"19DD0017V1") -> 19DD0017V1 | O79: =IFERROR(__xludf.DUMMYFUNCTION("""COMPUTED_VALUE"""),"Phân bón Hỗn hợp NP AGAMA-AP") -> Phân bón Hỗn hợp NP AGAMA-AP | P79: =IFERROR(__xludf.DUMMYFUNCTION("""COMPUTED_VALUE"""),"#N/A") -> #N/A | Q79: =IFERROR(__xludf.DUMMYFUNCTION("""COMPUTED_VALUE"""),"KHÔNG KHỚP") -> KHÔNG KHỚP
A80: =IFERROR(__xludf.DUMMYFUNCTION("""COMPUTED_VALUE"""),77.0) -> 77 | B80: =IFERROR(__xludf.DUMMYFUNCTION("""COMPUTED_VALUE"""),45905.0) -> 45905 | C80: =IFERROR(__xludf.DUMMYFUNCTION("""COMPUTED_VALUE"""),1.0) -> 1 | D80: =IFERROR(__xludf.DUMMYFUNCTION("""COMPUTED_VALUE"""),"CT MỚI") -> CT MỚI | G80: =IFERROR(__xludf.DUMMYFUNCTION("""COMPUTED_VALUE"""),"HH4090") -> HH4090 | H80: =IFERROR(__xludf.DUMMYFUNCTION("""COMPUTED_VALUE"""),"IDA Global - I - 4090 - IDA ORGANIC X2 (Nước nâu đen) - 1L - 20") -> IDA Global - I - 4090 - IDA ORGANIC X2 (Nước nâu đen) - 1L - 20 | I80: =IFERROR(__xludf.DUMMYFUNCTION("""COMPUTED_VALUE"""),"#N/A") -> #N/A | M80: =IFERROR(__xludf.DUMMYFUNCTION("""COMPUTED_VALUE"""),"ORGANIC X2") -> ORGANIC X2 | N80: =IFERROR(__xludf.DUMMYFUNCTION("""COMPUTED_VALUE"""),"01RR0044V2") -> 01RR0044V2 | O80: =IFERROR(__xludf.DUMMYFUNCTION("""COMPUTED_VALUE"""),"Phân bón Hữu cơ SH Agro Organic Fertilizer 20") -> Phân bón Hữu cơ SH Agro Organic Fertilizer 20 | P80: =IFERROR(__xludf.DUMMYFUNCTION("""COMPUTED_VALUE"""),"#N/A") -> #N/A | Q80: =IFERROR(__xludf.DUMMYFUNCTION("""COMPUTED_VALUE"""),"KHÔNG KHỚP") -> KHÔNG KHỚP
A81: =IFERROR(__xludf.DUMMYFUNCTION("""COMPUTED_VALUE"""),78.0) -> 78 | B81: =IFERROR(__xludf.DUMMYFUNCTION("""COMPUTED_VALUE"""),45904.0) -> 45904 | C81: =IFERROR(__xludf.DUMMYFUNCTION("""COMPUTED_VALUE"""),2.0) -> 2 | D81: =IFERROR(__xludf.DUMMYFUNCTION("""COMPUTED_VALUE"""),"CT CŨ") -> CT CŨ | G81: =IFERROR(__xludf.DUMMYFUNCTION("""COMPUTED_VALUE"""),"HH3983") -> HH3983 | H81: =IFERROR(__xludf.DUMMYFUNCTION("""COMPUTED_VALUE"""),"DR.XANH - VIII - 3983 - ROBUST EXTRA (Gel nâu đen) - 250ml - 40") -> DR.XANH - VIII - 3983 - ROBUST EXTRA (Gel nâu đen) - 250ml - 40 | I81: =IFERROR(__xludf.DUMMYFUNCTION("""COMPUTED_VALUE"""),"#N/A") -> #N/A | L81: =IFERROR(__xludf.DUMMYFUNCTION("""COMPUTED_VALUE"""),"X01180825") -> X01180825 | M81: =IFERROR(__xludf.DUMMYFUNCTION("""COMPUTED_VALUE"""),"ROBUST EXTRA") -> ROBUST EXTRA | N81: =IFERROR(__xludf.DUMMYFUNCTION("""COMPUTED_VALUE"""),"01RR0071V1") -> 01RR0071V1 | O81: =IFERROR(__xludf.DUMMYFUNCTION("""COMPUTED_VALUE"""),"Phân bón hữu cơ ROOTS US90") -> Phân bón hữu cơ ROOTS US90 | P81: =IFERROR(__xludf.DUMMYFUNCTION("""COMPUTED_VALUE"""),"#N/A") -> #N/A | Q81: =IFERROR(__xludf.DUMMYFUNCTION("""COMPUTED_VALUE"""),"KHÔNG KHỚP") -> KHÔNG KHỚP
A82: =IFERROR(__xludf.DUMMYFUNCTION("""COMPUTED_VALUE"""),79.0) -> 79 | B82: =IFERROR(__xludf.DUMMYFUNCTION("""COMPUTED_VALUE"""),45911.0) -> 45911 | C82: =IFERROR(__xludf.DUMMYFUNCTION("""COMPUTED_VALUE"""),1.0) -> 1 | D82: =IFERROR(__xludf.DUMMYFUNCTION("""COMPUTED_VALUE"""),"CT MỚI") -> CT MỚI | G82: =IFERROR(__xludf.DUMMYFUNCTION("""COMPUTED_VALUE"""),"HH3801") -> HH3801 | H82: =IFERROR(__xludf.DUMMYFUNCTION("""COMPUTED_VALUE"""),"GC - II - 3801 - CSSX An Khang (A.Dinh) - TAK09 (Nước nâu đen) - 500ml - 40") -> GC - II - 3801 - CSSX An Khang (A.Dinh) - TAK09 (Nước nâu đen) - 500ml - 40 | I82: =IFERROR(__xludf.DUMMYFUNCTION("""COMPUTED_VALUE"""),"#N/A") -> #N/A | L82: =IFERROR(__xludf.DUMMYFUNCTION("""COMPUTED_VALUE"""),"A01090625") -> A01090625 | M82: =IFERROR(__xludf.DUMMYFUNCTION("""COMPUTED_VALUE"""),"TAK09") -> TAK09 | N82: =IFERROR(__xludf.DUMMYFUNCTION("""COMPUTED_VALUE"""),"01RR0055") -> 01RR0055 | O82: =IFERROR(__xludf.DUMMYFUNCTION("""COMPUTED_VALUE"""),"Phân bón Hữu cơ SH Agro Organic Fertilizer 20") -> Phân bón Hữu cơ SH Agro Organic Fertilizer 20 | P82: =IFERROR(__xludf.DUMMYFUNCTION("""COMPUTED_VALUE"""),"#N/A") -> #N/A | Q82: =IFERROR(__xludf.DUMMYFUNCTION("""COMPUTED_VALUE"""),"KHÔNG KHỚP") -> KHÔNG KHỚP
A83: =IFERROR(__xludf.DUMMYFUNCTION("""COMPUTED_VALUE"""),80.0) -> 80 | B83: =IFERROR(__xludf.DUMMYFUNCTION("""COMPUTED_VALUE"""),45916.0) -> 45916 | C83: =IFERROR(__xludf.DUMMYFUNCTION("""COMPUTED_VALUE"""),1.0) -> 1 | D83: =IFERROR(__xludf.DUMMYFUNCTION("""COMPUTED_VALUE"""),"CT MỚI") -> CT MỚI | G83: =IFERROR(__xludf.DUMMYFUNCTION("""COMPUTED_VALUE"""),"HH3743") -> HH3743 | H83: =IFERROR(__xludf.DUMMYFUNCTION("""COMPUTED_VALUE"""),"GC - IV - 3743 - CTY QUANG ĐĂNG AGRICULTURE - ĐL LÂM THANH TRÍ - KIM TRỤ (Nước nâu đen) - 500ml - 40") -> GC - IV - 3743 - CTY QUANG ĐĂNG AGRICULTURE - ĐL LÂM THANH TRÍ - KIM TRỤ (Nước nâu đen) - 500ml - 40 | I83: =IFERROR(__xludf.DUMMYFUNCTION("""COMPUTED_VALUE"""),"#N/A") -> #N/A | L83: =IFERROR(__xludf.DUMMYFUNCTION("""COMPUTED_VALUE"""),"A01180625") -> A01180625 | M83: =IFERROR(__xludf.DUMMYFUNCTION("""COMPUTED_VALUE"""),"CỨNG CÂY - CROPS CARE") -> CỨNG CÂY - CROPS CARE | N83: =IFERROR(__xludf.DUMMYFUNCTION("""COMPUTED_VALUE"""),"02CC0011V1") -> 02CC0011V1 | O83: =IFERROR(__xludf.DUMMYFUNCTION("""COMPUTED_VALUE"""),"Phân bón Hữu cơ CROPS CARE") -> Phân bón Hữu cơ CROPS CARE | P83: =IFERROR(__xludf.DUMMYFUNCTION("""COMPUTED_VALUE"""),"#N/A") -> #N/A | Q83: =IFERROR(__xludf.DUMMYFUNCTION("""COMPUTED_VALUE"""),"KHÔNG KHỚP") -> KHÔNG KHỚP
A84: =IFERROR(__xludf.DUMMYFUNCTION("""COMPUTED_VALUE"""),81.0) -> 81 | B84: =IFERROR(__xludf.DUMMYFUNCTION("""COMPUTED_VALUE"""),45913.0) -> 45913 | C84: =IFERROR(__xludf.DUMMYFUNCTION("""COMPUTED_VALUE"""),1.0) -> 1 | D84: =IFERROR(__xludf.DUMMYFUNCTION("""COMPUTED_VALUE"""),"CT MỚI") -> CT MỚI | G84: =IFERROR(__xludf.DUMMYFUNCTION("""COMPUTED_VALUE"""),"HH3948") -> HH3948 | H84: =IFERROR(__xludf.DUMMYFUNCTION("""COMPUTED_VALUE"""),"GC - IV - 3948 - CTY HƯƠNG NÔNG - BIO HỮU CƠ (Nước nâu đen) - 10L - 1") -> GC - IV - 3948 - CTY HƯƠNG NÔNG - BIO HỮU CƠ (Nước nâu đen) - 10L - 1 | I84: =IFERROR(__xludf.DUMMYFUNCTION("""COMPUTED_VALUE"""),"#N/A") -> #N/A | L84: =IFERROR(__xludf.DUMMYFUNCTION("""COMPUTED_VALUE"""),"A02281124") -> A02281124 | M84: =IFERROR(__xludf.DUMMYFUNCTION("""COMPUTED_VALUE"""),"BIO HỮU CƠ") -> BIO HỮU CƠ | N84: =IFERROR(__xludf.DUMMYFUNCTION("""COMPUTED_VALUE"""),"11TT0010") -> 11TT0010 | O84: =IFERROR(__xludf.DUMMYFUNCTION("""COMPUTED_VALUE"""),"Phân bón Hữu cơ ORGANIC BM GOLD FW") -> Phân bón Hữu cơ ORGANIC BM GOLD FW | P84: =IFERROR(__xludf.DUMMYFUNCTION("""COMPUTED_VALUE"""),"#N/A") -> #N/A | Q84: =IFERROR(__xludf.DUMMYFUNCTION("""COMPUTED_VALUE"""),"KHÔNG KHỚP") -> KHÔNG KHỚP
A85: =IFERROR(__xludf.DUMMYFUNCTION("""COMPUTED_VALUE"""),82.0) -> 82 | B85: =IFERROR(__xludf.DUMMYFUNCTION("""COMPUTED_VALUE"""),45885.0) -> 45885 | C85: =IFERROR(__xludf.DUMMYFUNCTION("""COMPUTED_VALUE"""),1.0) -> 1 | D85: =IFERROR(__xludf.DUMMYFUNCTION("""COMPUTED_VALUE"""),"CT MỚI") -> CT MỚI | G85: =IFERROR(__xludf.DUMMYFUNCTION("""COMPUTED_VALUE"""),"HH4076") -> HH4076 | H85: =IFERROR(__xludf.DUMMYFUNCTION("""COMPUTED_VALUE"""),"IDA Global - I - 4076 - VG RICE 01 - 500ml - 40") -> IDA Global - I - 4076 - VG RICE 01 - 500ml - 40 | I85: =IFERROR(__xludf.DUMMYFUNCTION("""COMPUTED_VALUE"""),"#N/A") -> #N/A | L85: =IFERROR(__xludf.DUMMYFUNCTION("""COMPUTED_VALUE"""),"I01180225-01") -> I01180225-01 | M85: =IFERROR(__xludf.DUMMYFUNCTION("""COMPUTED_VALUE"""),"VG RICE 01") -> VG RICE 01 | N85: =IFERROR(__xludf.DUMMYFUNCTION("""COMPUTED_VALUE"""),"13XL0014") -> 13XL0014 | O85: =IFERROR(__xludf.DUMMYFUNCTION("""COMPUTED_VALUE"""),"Phân bón Vi lượng AGAMA-SUPPORT") -> Phân bón Vi lượng AGAMA-SUPPORT | P85: =IFERROR(__xludf.DUMMYFUNCTION("""COMPUTED_VALUE"""),"#N/A") -> #N/A | Q85: =IFERROR(__xludf.DUMMYFUNCTION("""COMPUTED_VALUE"""),"KHÔNG KHỚP") -> KHÔNG KHỚP
A86: =IFERROR(__xludf.DUMMYFUNCTION("""COMPUTED_VALUE"""),83.0) -> 83 | B86: =IFERROR(__xludf.DUMMYFUNCTION("""COMPUTED_VALUE"""),45887.0) -> 45887 | C86: =IFERROR(__xludf.DUMMYFUNCTION("""COMPUTED_VALUE"""),1.0) -> 1 | D86: =IFERROR(__xludf.DUMMYFUNCTION("""COMPUTED_VALUE"""),"CT MỚI") -> CT MỚI | G86: =IFERROR(__xludf.DUMMYFUNCTION("""COMPUTED_VALUE"""),"HH4003") -> HH4003 | H86: =IFERROR(__xludf.DUMMYFUNCTION("""COMPUTED_VALUE"""),"IDA Global - I - 4003 - CANXI BO LIQUID (Nước trắng sữa) - 500ml - 40") -> IDA Global - I - 4003 - CANXI BO LIQUID (Nước trắng sữa) - 500ml - 40 | I86: =IFERROR(__xludf.DUMMYFUNCTION("""COMPUTED_VALUE"""),"#N/A") -> #N/A | M86: =IFERROR(__xludf.DUMMYFUNCTION("""COMPUTED_VALUE"""),"CANXI BO MASTER") -> CANXI BO MASTER | N86: =IFERROR(__xludf.DUMMYFUNCTION("""COMPUTED_VALUE"""),"10CR0015") -> 10CR0015 | O86: =IFERROR(__xludf.DUMMYFUNCTION("""COMPUTED_VALUE"""),"Phân bón Vi lượng AGAMA-CANXI BO") -> Phân bón Vi lượng AGAMA-CANXI BO | P86: =IFERROR(__xludf.DUMMYFUNCTION("""COMPUTED_VALUE"""),"#N/A") -> #N/A | Q86: =IFERROR(__xludf.DUMMYFUNCTION("""COMPUTED_VALUE"""),"KHÔNG KHỚP") -> KHÔNG KHỚP
A87: =IFERROR(__xludf.DUMMYFUNCTION("""COMPUTED_VALUE"""),84.0) -> 84 | B87: =IFERROR(__xludf.DUMMYFUNCTION("""COMPUTED_VALUE"""),45916.0) -> 45916 | C87: =IFERROR(__xludf.DUMMYFUNCTION("""COMPUTED_VALUE"""),2.0) -> 2 | D87: =IFERROR(__xludf.DUMMYFUNCTION("""COMPUTED_VALUE"""),"CT XỬ LÝ LỖI") -> CT XỬ LÝ LỖI | G87: =IFERROR(__xludf.DUMMYFUNCTION("""COMPUTED_VALUE"""),"HH3860") -> HH3860 | H87: =IFERROR(__xludf.DUMMYFUNCTION("""COMPUTED_VALUE"""),"IDA Global - I - 3860 - CỨNG CÂY 304 (Nước nâu đen) - 500ml - 40") -> IDA Global - I - 3860 - CỨNG CÂY 304 (Nước nâu đen) - 500ml - 40 | I87: =IFERROR(__xludf.DUMMYFUNCTION("""COMPUTED_VALUE"""),"#N/A") -> #N/A | L87: =IFERROR(__xludf.DUMMYFUNCTION("""COMPUTED_VALUE"""),"XỬ LÝ BTP TỒN B1") -> XỬ LÝ BTP TỒN B1 | M87: =IFERROR(__xludf.DUMMYFUNCTION("""COMPUTED_VALUE"""),"CỨNG CÂY 304") -> CỨNG CÂY 304 | N87: =IFERROR(__xludf.DUMMYFUNCTION("""COMPUTED_VALUE"""),"02CC0002V1-1") -> 02CC0002V1-1 | O87: =IFERROR(__xludf.DUMMYFUNCTION("""COMPUTED_VALUE"""),"Phân bón Hữu cơ SH Agro Organic Fertilizer 20") -> Phân bón Hữu cơ SH Agro Organic Fertilizer 20 | P87: =IFERROR(__xludf.DUMMYFUNCTION("""COMPUTED_VALUE"""),"#N/A") -> #N/A | Q87: =IFERROR(__xludf.DUMMYFUNCTION("""COMPUTED_VALUE"""),"KHÔNG KHỚP") -> KHÔNG KHỚP
A88: =IFERROR(__xludf.DUMMYFUNCTION("""COMPUTED_VALUE"""),85.0) -> 85 | B88: =IFERROR(__xludf.DUMMYFUNCTION("""COMPUTED_VALUE"""),45885.0) -> 45885 | C88: =IFERROR(__xludf.DUMMYFUNCTION("""COMPUTED_VALUE"""),1.0) -> 1 | D88: =IFERROR(__xludf.DUMMYFUNCTION("""COMPUTED_VALUE"""),"CT MỚI") -> CT MỚI | G88: =IFERROR(__xludf.DUMMYFUNCTION("""COMPUTED_VALUE"""),"HH4122") -> HH4122 | H88: =IFERROR(__xludf.DUMMYFUNCTION("""COMPUTED_VALUE"""),"IDA Global - I - 4122 - VG RICE 02 - 500ml - 40") -> IDA Global - I - 4122 - VG RICE 02 - 500ml - 40 | I88: =IFERROR(__xludf.DUMMYFUNCTION("""COMPUTED_VALUE"""),"#N/A") -> #N/A | L88: =IFERROR(__xludf.DUMMYFUNCTION("""COMPUTED_VALUE"""),"I02180225") -> I02180225 | M88: =IFERROR(__xludf.DUMMYFUNCTION("""COMPUTED_VALUE"""),"VG RICE 02") -> VG RICE 02 | N88: =IFERROR(__xludf.DUMMYFUNCTION("""COMPUTED_VALUE"""),"04VG0033") -> 04VG0033 | O88: =IFERROR(__xludf.DUMMYFUNCTION("""COMPUTED_VALUE"""),"Phân bón NPK-Vi lượng HC CAN") -> Phân bón NPK-Vi lượng HC CAN | P88: =IFERROR(__xludf.DUMMYFUNCTION("""COMPUTED_VALUE"""),"#N/A") -> #N/A | Q88: =IFERROR(__xludf.DUMMYFUNCTION("""COMPUTED_VALUE"""),"KHÔNG KHỚP") -> KHÔNG KHỚP
A89: =IFERROR(__xludf.DUMMYFUNCTION("""COMPUTED_VALUE"""),86.0) -> 86 | B89: =IFERROR(__xludf.DUMMYFUNCTION("""COMPUTED_VALUE"""),45915.0) -> 45915 | C89: =IFERROR(__xludf.DUMMYFUNCTION("""COMPUTED_VALUE"""),1.0) -> 1 | D89: =IFERROR(__xludf.DUMMYFUNCTION("""COMPUTED_VALUE"""),"CT MỚI") -> CT MỚI | G89: =IFERROR(__xludf.DUMMYFUNCTION("""COMPUTED_VALUE"""),"HH3237") -> HH3237 | H89: =IFERROR(__xludf.DUMMYFUNCTION("""COMPUTED_VALUE"""),"GC - II - 3237 - Kim Ngọc - Trợ Lực Thấm (nước vàng) (chai HD tròn) - 100ml - 50") -> GC - II - 3237 - Kim Ngọc - Trợ Lực Thấm (nước vàng) (chai HD tròn) - 100ml - 50 | I89: =IFERROR(__xludf.DUMMYFUNCTION("""COMPUTED_VALUE"""),"#N/A") -> #N/A | M89: =IFERROR(__xludf.DUMMYFUNCTION("""COMPUTED_VALUE"""),"TRỢ LỰC D1") -> TRỢ LỰC D1 | N89: =IFERROR(__xludf.DUMMYFUNCTION("""COMPUTED_VALUE"""),"18TL0004V1") -> 18TL0004V1 | O89: =IFERROR(__xludf.DUMMYFUNCTION("""COMPUTED_VALUE"""),"Phân bón Vi lượng Quantity New") -> Phân bón Vi lượng Quantity New | P89: =IFERROR(__xludf.DUMMYFUNCTION("""COMPUTED_VALUE"""),"#N/A") -> #N/A | Q89: =IFERROR(__xludf.DUMMYFUNCTION("""COMPUTED_VALUE"""),"KHÔNG KHỚP") -> KHÔNG KHỚP
A90: =IFERROR(__xludf.DUMMYFUNCTION("""COMPUTED_VALUE"""),87.0) -> 87 | B90: =IFERROR(__xludf.DUMMYFUNCTION("""COMPUTED_VALUE"""),45915.0) -> 45915 | C90: =IFERROR(__xludf.DUMMYFUNCTION("""COMPUTED_VALUE"""),1.0) -> 1 | D90: =IFERROR(__xludf.DUMMYFUNCTION("""COMPUTED_VALUE"""),"CT MỚI") -> CT MỚI | G90: =IFERROR(__xludf.DUMMYFUNCTION("""COMPUTED_VALUE"""),"HH4126") -> HH4126 | H90: =IFERROR(__xludf.DUMMYFUNCTION("""COMPUTED_VALUE"""),"GC - IV - 4126 - AGRITECH - AGRI BOOST (Nước nâu đen) - 250ml - 40") -> GC - IV - 4126 - AGRITECH - AGRI BOOST (Nước nâu đen) - 250ml - 40 | I90: =IFERROR(__xludf.DUMMYFUNCTION("""COMPUTED_VALUE"""),"#N/A") -> #N/A | L90: =IFERROR(__xludf.DUMMYFUNCTION("""COMPUTED_VALUE"""),"A01200225-02") -> A01200225-02 | M90: =IFERROR(__xludf.DUMMYFUNCTION("""COMPUTED_VALUE"""),"BOOMGOLD AGRI BOOST") -> BOOMGOLD AGRI BOOST | N90: =IFERROR(__xludf.DUMMYFUNCTION("""COMPUTED_VALUE"""),"10CR0019") -> 10CR0019 | O90: =IFERROR(__xludf.DUMMYFUNCTION("""COMPUTED_VALUE"""),"Phân bón Hữu cơ SH Agro Organic Fertilizer 20") -> Phân bón Hữu cơ SH Agro Organic Fertilizer 20 | P90: =IFERROR(__xludf.DUMMYFUNCTION("""COMPUTED_VALUE"""),"#N/A") -> #N/A | Q90: =IFERROR(__xludf.DUMMYFUNCTION("""COMPUTED_VALUE"""),"KHÔNG KHỚP") -> KHÔNG KHỚP
A91: =IFERROR(__xludf.DUMMYFUNCTION("""COMPUTED_VALUE"""),88.0) -> 88 | B91: =IFERROR(__xludf.DUMMYFUNCTION("""COMPUTED_VALUE"""),45892.0) -> 45892 | C91: =IFERROR(__xludf.DUMMYFUNCTION("""COMPUTED_VALUE"""),1.0) -> 1 | D91: =IFERROR(__xludf.DUMMYFUNCTION("""COMPUTED_VALUE"""),"CT MỚI") -> CT MỚI | G91: =IFERROR(__xludf.DUMMYFUNCTION("""COMPUTED_VALUE"""),"HH3605") -> HH3605 | H91: =IFERROR(__xludf.DUMMYFUNCTION("""COMPUTED_VALUE"""),"GC - IV - 3605 - HƯƠNG NÔNG - Siêu Chặn Đọt (nước nâu đen) - 1L - 20") -> GC - IV - 3605 - HƯƠNG NÔNG - Siêu Chặn Đọt (nước nâu đen) - 1L - 20 | I91: =IFERROR(__xludf.DUMMYFUNCTION("""COMPUTED_VALUE"""),"#N/A") -> #N/A | L91: =IFERROR(__xludf.DUMMYFUNCTION("""COMPUTED_VALUE"""),"CHẶN ĐỌT DÒNG V3") -> CHẶN ĐỌT DÒNG V3 | M91: =IFERROR(__xludf.DUMMYFUNCTION("""COMPUTED_VALUE"""),"KODO STOP SIÊU CHẶN ĐỌT STOP 25 UNI STOP UNI STOP 25") -> KODO STOP SIÊU CHẶN ĐỌT STOP 25 UNI STOP UNI STOP 25 | N91: =IFERROR(__xludf.DUMMYFUNCTION("""COMPUTED_VALUE"""),"06CD0007") -> 06CD0007 | O91: =IFERROR(__xludf.DUMMYFUNCTION("""COMPUTED_VALUE"""),"Phân bón Vi lượng Quantity New") -> Phân bón Vi lượng Quantity New | P91: =IFERROR(__xludf.DUMMYFUNCTION("""COMPUTED_VALUE"""),"#N/A") -> #N/A | Q91: =IFERROR(__xludf.DUMMYFUNCTION("""COMPUTED_VALUE"""),"KHÔNG KHỚP") -> KHÔNG KHỚP
A92: =IFERROR(__xludf.DUMMYFUNCTION("""COMPUTED_VALUE"""),89.0) -> 89 | B92: =IFERROR(__xludf.DUMMYFUNCTION("""COMPUTED_VALUE"""),45892.0) -> 45892 | C92: =IFERROR(__xludf.DUMMYFUNCTION("""COMPUTED_VALUE"""),1.0) -> 1 | D92: =IFERROR(__xludf.DUMMYFUNCTION("""COMPUTED_VALUE"""),"CT MỚI") -> CT MỚI | G92: =IFERROR(__xludf.DUMMYFUNCTION("""COMPUTED_VALUE"""),"HH4124") -> HH4124 | H92: =IFERROR(__xludf.DUMMYFUNCTION("""COMPUTED_VALUE"""),"GC - IV - 4124 - Cty Hương Nông - Đậu Trái (nước vàng mật ong) - 500ml - 40") -> GC - IV - 4124 - Cty Hương Nông - Đậu Trái (nước vàng mật ong) - 500ml - 40 | I92: =IFERROR(__xludf.DUMMYFUNCTION("""COMPUTED_VALUE"""),"#N/A") -> #N/A | M92: =IFERROR(__xludf.DUMMYFUNCTION("""COMPUTED_VALUE"""),"ULTRA KEO CABOR BOCAX US.BOCAXX") -> ULTRA KEO CABOR BOCAX US.BOCAXX | N92: =IFERROR(__xludf.DUMMYFUNCTION("""COMPUTED_VALUE"""),"10CR0001V1") -> 10CR0001V1 | O92: =IFERROR(__xludf.DUMMYFUNCTION("""COMPUTED_VALUE"""),"Phân bón Vi lượng Run Fast") -> Phân bón Vi lượng Run Fast | P92: =IFERROR(__xludf.DUMMYFUNCTION("""COMPUTED_VALUE"""),"#N/A") -> #N/A | Q92: =IFERROR(__xludf.DUMMYFUNCTION("""COMPUTED_VALUE"""),"KHÔNG KHỚP") -> KHÔNG KHỚP
A93: =IFERROR(__xludf.DUMMYFUNCTION("""COMPUTED_VALUE"""),90.0) -> 90 | B93: =IFERROR(__xludf.DUMMYFUNCTION("""COMPUTED_VALUE"""),45908.0) -> 45908 | C93: =IFERROR(__xludf.DUMMYFUNCTION("""COMPUTED_VALUE"""),1.0) -> 1 | D93: =IFERROR(__xludf.DUMMYFUNCTION("""COMPUTED_VALUE"""),"CT MỚI") -> CT MỚI | G93: =IFERROR(__xludf.DUMMYFUNCTION("""COMPUTED_VALUE"""),"HH4134") -> HH4134 | H93: =IFERROR(__xludf.DUMMYFUNCTION("""COMPUTED_VALUE"""),"GC - IV - 4134 - CTY NAUY - GALAXY (Nước nâu đen) - 500ml - 40") -> GC - IV - 4134 - CTY NAUY - GALAXY (Nước nâu đen) - 500ml - 40 | I93: =IFERROR(__xludf.DUMMYFUNCTION("""COMPUTED_VALUE"""),"#N/A") -> #N/A | L93: =IFERROR(__xludf.DUMMYFUNCTION("""COMPUTED_VALUE"""),"A20280225") -> A20280225 | M93: =IFERROR(__xludf.DUMMYFUNCTION("""COMPUTED_VALUE"""),"BETA VUA RỄ") -> BETA VUA RỄ | N93: =IFERROR(__xludf.DUMMYFUNCTION("""COMPUTED_VALUE"""),"01RR0050") -> 01RR0050 | O93: =IFERROR(__xludf.DUMMYFUNCTION("""COMPUTED_VALUE"""),"Phân bón Hỗn hợp NP AGAMA-AP") -> Phân bón Hỗn hợp NP AGAMA-AP | P93: =IFERROR(__xludf.DUMMYFUNCTION("""COMPUTED_VALUE"""),"#N/A") -> #N/A | Q93: =IFERROR(__xludf.DUMMYFUNCTION("""COMPUTED_VALUE"""),"KHÔNG KHỚP") -> KHÔNG KHỚP
A94: =IFERROR(__xludf.DUMMYFUNCTION("""COMPUTED_VALUE"""),91.0) -> 91 | B94: =IFERROR(__xludf.DUMMYFUNCTION("""COMPUTED_VALUE"""),46070.0) -> 46070 | C94: =IFERROR(__xludf.DUMMYFUNCTION("""COMPUTED_VALUE"""),1.0) -> 1 | D94: =IFERROR(__xludf.DUMMYFUNCTION("""COMPUTED_VALUE"""),"CT MỚI") -> CT MỚI | G94: =IFERROR(__xludf.DUMMYFUNCTION("""COMPUTED_VALUE"""),"HH3337") -> HH3337 | H94: =IFERROR(__xludf.DUMMYFUNCTION("""COMPUTED_VALUE"""),"GC - IV - 3337 - NHP Group - CALIMIX (Nước nâu đen) - 500ml - 40") -> GC - IV - 3337 - NHP Group - CALIMIX (Nước nâu đen) - 500ml - 40 | I94: =IFERROR(__xludf.DUMMYFUNCTION("""COMPUTED_VALUE"""),"#N/A") -> #N/A | L94: =IFERROR(__xludf.DUMMYFUNCTION("""COMPUTED_VALUE"""),"A05050325") -> A05050325 | M94: =IFERROR(__xludf.DUMMYFUNCTION("""COMPUTED_VALUE"""),"CALIMIX") -> CALIMIX | N94: =IFERROR(__xludf.DUMMYFUNCTION("""COMPUTED_VALUE"""),"08TM0019V1") -> 08TM0019V1 | O94: =IFERROR(__xludf.DUMMYFUNCTION("""COMPUTED_VALUE"""),"Phân bón Hữu cơ SH Agro Organic Fertilizer 20") -> Phân bón Hữu cơ SH Agro Organic Fertilizer 20 | P94: =IFERROR(__xludf.DUMMYFUNCTION("""COMPUTED_VALUE"""),"#N/A") -> #N/A | Q94: =IFERROR(__xludf.DUMMYFUNCTION("""COMPUTED_VALUE"""),"KHÔNG KHỚP") -> KHÔNG KHỚP
A95: =IFERROR(__xludf.DUMMYFUNCTION("""COMPUTED_VALUE"""),92.0) -> 92 | B95: =IFERROR(__xludf.DUMMYFUNCTION("""COMPUTED_VALUE"""),45917.0) -> 45917 | C95: =IFERROR(__xludf.DUMMYFUNCTION("""COMPUTED_VALUE"""),1.0) -> 1 | D95: =IFERROR(__xludf.DUMMYFUNCTION("""COMPUTED_VALUE"""),"CT MỚI") -> CT MỚI | G95: =IFERROR(__xludf.DUMMYFUNCTION("""COMPUTED_VALUE"""),"HH2522") -> HH2522 | H95: =IFERROR(__xludf.DUMMYFUNCTION("""COMPUTED_VALUE"""),"GC - II - 2522 - CSSX An Khang (A.Dinh) - T-AK 01 (Gel nâu đen) - 500ml - 40") -> GC - II - 2522 - CSSX An Khang (A.Dinh) - T-AK 01 (Gel nâu đen) - 500ml - 40 | I95: =IFERROR(__xludf.DUMMYFUNCTION("""COMPUTED_VALUE"""),"#N/A") -> #N/A | M95: =IFERROR(__xludf.DUMMYFUNCTION("""COMPUTED_VALUE"""),"T-AK 01") -> T-AK 01 | N95: =IFERROR(__xludf.DUMMYFUNCTION("""COMPUTED_VALUE"""),"09KH0007") -> 09KH0007 | O95: =IFERROR(__xludf.DUMMYFUNCTION("""COMPUTED_VALUE"""),"Phân bón Vi lượng Quantity New") -> Phân bón Vi lượng Quantity New | P95: =IFERROR(__xludf.DUMMYFUNCTION("""COMPUTED_VALUE"""),"#N/A") -> #N/A | Q95: =IFERROR(__xludf.DUMMYFUNCTION("""COMPUTED_VALUE"""),"KHÔNG KHỚP") -> KHÔNG KHỚP
A96: =IFERROR(__xludf.DUMMYFUNCTION("""COMPUTED_VALUE"""),93.0) -> 93 | B96: =IFERROR(__xludf.DUMMYFUNCTION("""COMPUTED_VALUE"""),45917.0) -> 45917 | C96: =IFERROR(__xludf.DUMMYFUNCTION("""COMPUTED_VALUE"""),1.0) -> 1 | D96: =IFERROR(__xludf.DUMMYFUNCTION("""COMPUTED_VALUE"""),"CT MỚI") -> CT MỚI | G96: =IFERROR(__xludf.DUMMYFUNCTION("""COMPUTED_VALUE"""),"HH4140") -> HH4140 | H96: =IFERROR(__xludf.DUMMYFUNCTION("""COMPUTED_VALUE"""),"GC - IV - 4140 - CTY HIỆP PHÁT ABC - HP 06 (Gel nâu đen) - 330ml - 40") -> GC - IV - 4140 - CTY HIỆP PHÁT ABC - HP 06 (Gel nâu đen) - 330ml - 40 | I96: =IFERROR(__xludf.DUMMYFUNCTION("""COMPUTED_VALUE"""),"#N/A") -> #N/A | L96: =IFERROR(__xludf.DUMMYFUNCTION("""COMPUTED_VALUE"""),"A04060724") -> A04060724 | M96: =IFERROR(__xludf.DUMMYFUNCTION("""COMPUTED_VALUE"""),"T-AK 02 HP 06") -> T-AK 02 HP 06 | N96: =IFERROR(__xludf.DUMMYFUNCTION("""COMPUTED_VALUE"""),"09KH0010") -> 09KH0010 | O96: =IFERROR(__xludf.DUMMYFUNCTION("""COMPUTED_VALUE"""),"Phân bón Vi lượng Run Fast") -> Phân bón Vi lượng Run Fast | P96: =IFERROR(__xludf.DUMMYFUNCTION("""COMPUTED_VALUE"""),"#N/A") -> #N/A | Q96: =IFERROR(__xludf.DUMMYFUNCTION("""COMPUTED_VALUE"""),"KHÔNG KHỚP") -> KHÔNG KHỚP
A97: =IFERROR(__xludf.DUMMYFUNCTION("""COMPUTED_VALUE"""),94.0) -> 94 | B97: =IFERROR(__xludf.DUMMYFUNCTION("""COMPUTED_VALUE"""),45923.0) -> 45923 | C97: =IFERROR(__xludf.DUMMYFUNCTION("""COMPUTED_VALUE"""),1.0) -> 1 | D97: =IFERROR(__xludf.DUMMYFUNCTION("""COMPUTED_VALUE"""),"CT MỚI") -> CT MỚI | G97: =IFERROR(__xludf.DUMMYFUNCTION("""COMPUTED_VALUE"""),"HH4125") -> HH4125 | H97: =IFERROR(__xludf.DUMMYFUNCTION("""COMPUTED_VALUE"""),"GC - IV - 4125 - CTY QUANG ĐĂNG AGRICULTURE - ĐL LÂM THANH TRÍ - QĐ-PHOSKA (Nước nâu đen) - 500ml - 40") -> GC - IV - 4125 - CTY QUANG ĐĂNG AGRICULTURE - ĐL LÂM THANH TRÍ - QĐ-PHOSKA (Nước nâu đen) - 500ml - 40 | I97: =IFERROR(__xludf.DUMMYFUNCTION("""COMPUTED_VALUE"""),"#N/A") -> #N/A | L97: =IFERROR(__xludf.DUMMYFUNCTION("""COMPUTED_VALUE"""),"A03160925 ") -> A03160925 | M97: =IFERROR(__xludf.DUMMYFUNCTION("""COMPUTED_VALUE"""),"LÂN 2 CHIỀU - 01") -> LÂN 2 CHIỀU - 01 | N97: =IFERROR(__xludf.DUMMYFUNCTION("""COMPUTED_VALUE"""),"08TM0025") -> 08TM0025 | O97: =IFERROR(__xludf.DUMMYFUNCTION("""COMPUTED_VALUE"""),"Phân bón lá hỗn hợp PK AGRI FOS AB") -> Phân bón lá hỗn hợp PK AGRI FOS AB | P97: =IFERROR(__xludf.DUMMYFUNCTION("""COMPUTED_VALUE"""),"#N/A") -> #N/A | Q97: =IFERROR(__xludf.DUMMYFUNCTION("""COMPUTED_VALUE"""),"KHÔNG KHỚP") -> KHÔNG KHỚP
A98: =IFERROR(__xludf.DUMMYFUNCTION("""COMPUTED_VALUE"""),95.0) -> 95 | B98: =IFERROR(__xludf.DUMMYFUNCTION("""COMPUTED_VALUE"""),45885.0) -> 45885 | C98: =IFERROR(__xludf.DUMMYFUNCTION("""COMPUTED_VALUE"""),1.0) -> 1 | D98: =IFERROR(__xludf.DUMMYFUNCTION("""COMPUTED_VALUE"""),"CT MỚI") -> CT MỚI | G98: =IFERROR(__xludf.DUMMYFUNCTION("""COMPUTED_VALUE"""),"HH4075") -> HH4075 | H98: =IFERROR(__xludf.DUMMYFUNCTION("""COMPUTED_VALUE"""),"IDA Global - I - 4075 - CỨNG CÂY 304 (Nước nâu đen) - 500ml - 40") -> IDA Global - I - 4075 - CỨNG CÂY 304 (Nước nâu đen) - 500ml - 40 | I98: =IFERROR(__xludf.DUMMYFUNCTION("""COMPUTED_VALUE"""),"#N/A") -> #N/A | L98: =IFERROR(__xludf.DUMMYFUNCTION("""COMPUTED_VALUE"""),"L01261124") -> L01261124 | M98: =IFERROR(__xludf.DUMMYFUNCTION("""COMPUTED_VALUE"""),"CỨNG CÂY 304") -> CỨNG CÂY 304 | N98: =IFERROR(__xludf.DUMMYFUNCTION("""COMPUTED_VALUE"""),"02CC0002V1") -> 02CC0002V1 | O98: =IFERROR(__xludf.DUMMYFUNCTION("""COMPUTED_VALUE"""),"Phân bón Hữu cơ SH Agro Organic Fertilizer 20") -> Phân bón Hữu cơ SH Agro Organic Fertilizer 20 | P98: =IFERROR(__xludf.DUMMYFUNCTION("""COMPUTED_VALUE"""),"#N/A") -> #N/A | Q98: =IFERROR(__xludf.DUMMYFUNCTION("""COMPUTED_VALUE"""),"KHÔNG KHỚP") -> KHÔNG KHỚP
A99: =IFERROR(__xludf.DUMMYFUNCTION("""COMPUTED_VALUE"""),96.0) -> 96 | B99: =IFERROR(__xludf.DUMMYFUNCTION("""COMPUTED_VALUE"""),45923.0) -> 45923 | C99: =IFERROR(__xludf.DUMMYFUNCTION("""COMPUTED_VALUE"""),1.0) -> 1 | D99: =IFERROR(__xludf.DUMMYFUNCTION("""COMPUTED_VALUE"""),"CT MỚI") -> CT MỚI | G99: =IFERROR(__xludf.DUMMYFUNCTION("""COMPUTED_VALUE"""),"HH4141") -> HH4141 | H99: =IFERROR(__xludf.DUMMYFUNCTION("""COMPUTED_VALUE"""),"GC - IV - 4141 - NHP Group - SỬA TƯỚNG SẦU RIÊNG (Nước nâu đen) - 500ml - 40") -> GC - IV - 4141 - NHP Group - SỬA TƯỚNG SẦU RIÊNG (Nước nâu đen) - 500ml - 40 | I99: =IFERROR(__xludf.DUMMYFUNCTION("""COMPUTED_VALUE"""),"#N/A") -> #N/A | L99: =IFERROR(__xludf.DUMMYFUNCTION("""COMPUTED_VALUE"""),"A01170925") -> A01170925 | M99: =IFERROR(__xludf.DUMMYFUNCTION("""COMPUTED_VALUE"""),"SỬA TƯỚNG SẦU RIÊNG - 01") -> SỬA TƯỚNG SẦU RIÊNG - 01 | N99: =IFERROR(__xludf.DUMMYFUNCTION("""COMPUTED_VALUE"""),"21ST0002") -> 21ST0002 | O99: =IFERROR(__xludf.DUMMYFUNCTION("""COMPUTED_VALUE"""),"Phân bón Hữu cơ ORGANIC ĐGP 01 ") -> Phân bón Hữu cơ ORGANIC ĐGP 01 | P99: =IFERROR(__xludf.DUMMYFUNCTION("""COMPUTED_VALUE"""),"#N/A") -> #N/A | Q99: =IFERROR(__xludf.DUMMYFUNCTION("""COMPUTED_VALUE"""),"KHÔNG KHỚP") -> KHÔNG KHỚP
A100: =IFERROR(__xludf.DUMMYFUNCTION("""COMPUTED_VALUE"""),97.0) -> 97 | B100: =IFERROR(__xludf.DUMMYFUNCTION("""COMPUTED_VALUE"""),45924.0) -> 45924 | C100: =IFERROR(__xludf.DUMMYFUNCTION("""COMPUTED_VALUE"""),2.0) -> 2 | D100: =IFERROR(__xludf.DUMMYFUNCTION("""COMPUTED_VALUE"""),"CT MỚI") -> CT MỚI | G100: =IFERROR(__xludf.DUMMYFUNCTION("""COMPUTED_VALUE"""),"HH4141") -> HH4141 | H100: =IFERROR(__xludf.DUMMYFUNCTION("""COMPUTED_VALUE"""),"GC - IV - 4141 - NHP Group - SỬA TƯỚNG SẦU RIÊNG (Nước nâu đen) - 500ml - 40") -> GC - IV - 4141 - NHP Group - SỬA TƯỚNG SẦU RIÊNG (Nước nâu đen) - 500ml - 40 | I100: =IFERROR(__xludf.DUMMYFUNCTION("""COMPUTED_VALUE"""),"#N/A") -> #N/A | L100: =IFERROR(__xludf.DUMMYFUNCTION("""COMPUTED_VALUE"""),"A01230925") -> A01230925 | M100: =IFERROR(__xludf.DUMMYFUNCTION("""COMPUTED_VALUE"""),"SỬA TƯỚNG SẦU RIÊNG - 02") -> SỬA TƯỚNG SẦU RIÊNG - 02 | N100: =IFERROR(__xludf.DUMMYFUNCTION("""COMPUTED_VALUE"""),"21ST0003") -> 21ST0003 | O100: =IFERROR(__xludf.DUMMYFUNCTION("""COMPUTED_VALUE"""),"Phân bón Hữu cơ ORGANIC ĐGP 01 ") -> Phân bón Hữu cơ ORGANIC ĐGP 01 | P100: =IFERROR(__xludf.DUMMYFUNCTION("""COMPUTED_VALUE"""),"#N/A") -> #N/A | Q100: =IFERROR(__xludf.DUMMYFUNCTION("""COMPUTED_VALUE"""),"KHÔNG KHỚP") -> KHÔNG KHỚP
A101: =IFERROR(__xludf.DUMMYFUNCTION("""COMPUTED_VALUE"""),98.0) -> 98 | B101: =IFERROR(__xludf.DUMMYFUNCTION("""COMPUTED_VALUE"""),45925.0) -> 45925 | C101: =IFERROR(__xludf.DUMMYFUNCTION("""COMPUTED_VALUE"""),1.0) -> 1 | D101: =IFERROR(__xludf.DUMMYFUNCTION("""COMPUTED_VALUE"""),"CT MỚI") -> CT MỚI | G101: =IFERROR(__xludf.DUMMYFUNCTION("""COMPUTED_VALUE"""),"HH4027") -> HH4027 | H101: =IFERROR(__xludf.DUMMYFUNCTION("""COMPUTED_VALUE"""),"GC - IX - 4027 - N2SBIO - N2 HYPER LOCK (Dạng SC - Trắng sữa) - 1L - 20") -> GC - IX - 4027 - N2SBIO - N2 HYPER LOCK (Dạng SC - Trắng sữa) - 1L - 20 | I101: =IFERROR(__xludf.DUMMYFUNCTION("""COMPUTED_VALUE"""),"#N/A") -> #N/A | L101: =IFERROR(__xludf.DUMMYFUNCTION("""COMPUTED_VALUE"""),"N04290725") -> N04290725 | M101: =IFERROR(__xludf.DUMMYFUNCTION("""COMPUTED_VALUE"""),"N2 HYPER LOCK") -> N2 HYPER LOCK | N101: =IFERROR(__xludf.DUMMYFUNCTION("""COMPUTED_VALUE"""),"06CD0016") -> 06CD0016 | O101: =IFERROR(__xludf.DUMMYFUNCTION("""COMPUTED_VALUE"""),"Phân bón lá PK-Trung lượng NBC-PHOTPHONATE") -> Phân bón lá PK-Trung lượng NBC-PHOTPHONATE | P101: =IFERROR(__xludf.DUMMYFUNCTION("""COMPUTED_VALUE"""),"#N/A") -> #N/A | Q101: =IFERROR(__xludf.DUMMYFUNCTION("""COMPUTED_VALUE"""),"KHÔNG KHỚP") -> KHÔNG KHỚP
...

Sheet 2. HÀNG NGÀY 2026
A2: STT | B2: NCC đề xuất | C2: Mã đơn đặt hàng (po) | D2: Ngày yêu cầu | E2: Trạng thái kiểm duyệt nhãn | F2: Thương hiệu | G2: Mã Hàng | H2: Tên hàng | I2: Phân loại | J2: Tên pháp lý | K2: Công thức | L2: Màu btp | M2: ĐVT | N2: Quy cách thùng | O2: SLTP/Thùng | P2: Sl thành phẩm (gồm khuyến mãi) | Q2: Ngày yêu cầu sẵn kho NCC | R2: CÔNG THỨC GẦN NHẤT (Tham Khảo) | S2: Ngày check giá | T2: Ghi chú | U2: Công thức BĐM từ lab | V2: Ngày cập nhật | W2: Ghi chú Nhật Anh
A3: =COUNTIF($S$3:S3,S3) -> 1 | B3: Dego Cần Thơ | C3: ATP06012607 | D3: 46028 | E3: Đã duyệt | F3: ABA | G3: HH4545 | H3: GC - V - 4545 - GNH - DR. PHOENIX SUPER ĐỒNG (Nước xanh nõn chuối) - 100ml - 100 | I3: Phân bón | J3: Vi lượng Agama - Cu | K3: A01311025 | L3: Nước xanh nõn chuối | M3: Chai | N3: 100 | O3: 10 | P3: 1000 | Q3: 46039 | R3: 17KN0011 | S3: 46028 | T3: Chưa có công thức lab | U3: {=IFERROR(index('3. Công thức lab theo từng mã h'!J:J,MATCH(C3,'3. Công thức lab theo từng mã h'!L:L,0)),"")}
A4: =COUNTIF($S$3:S4,S4) -> 2 | B4: Dego Cần Thơ | C4: ATP06012608 | D4: 46028 | E4: Đã duyệt | F4: ABA | G4: HH4546 | H4: GC - V - 4546 - GNH - DR. PHOENIX SUPER ĐỒNG (Nước xanh nõn chuối) - 250ml - 40 | I4: Phân bón | J4: Vi lượng Agama - Cu | K4: A01311025 | L4: Nước xanh nõn chuối | M4: Chai | N4: 40 | O4: 10 | P4: 400 | Q4: 46039 | R4: 17KN0011 | S4: 46028 | T4: Chưa có công thức lab | U4: {=IFERROR(index('3. Công thức lab theo từng mã h'!J:J,MATCH(C4,'3. Công thức lab theo từng mã h'!L:L,0)),"")}
A5: =COUNTIF($S$3:S5,S5) -> 1 | B5: Dego Cần Thơ | C5: ATP08012603 | D5: 46030 | E5: Đã duyệt | F5: ABA | G5: HH4608 | H5: GC - V - 4608 - CTY ASAHI NHẬT BẢN - RONBIN SAMURAI (Gel nâu đen) - 500ml - 40 | I5: Phân bón | J5: Vi lượng Quantity New | K5: A04270225 | L5: Gel nâu đen | M5: Chai | N5: 40 | O5: 20 | P5: 800 | Q5: 46039 | R5: 13XL0008V2 | S5: 46030 | T5: Chưa có công thức lab | U5: {=IFERROR(index('3. Công thức lab theo từng mã h'!J:J,MATCH(C5,'3. Công thức lab theo từng mã h'!L:L,0)),"")}
A6: =COUNTIF($S$3:S6,S6) -> 2 | B6: Dego Cần Thơ | C6: ITP08012608 | D6: 46030 | F6: IDA | G6: HH3050 | H6: IDA Global - I - 3050 - SIÊU KẼM 247 (Nước vàng nhạt) - 250ml - 40 | I6: Phân bón | J6: Vi lượng AGAMA-ZN | K6: Đóng theo đơn gần nhất | L6: Nước vàng nhạt | M6: Chai | N6: 40 | O6: 10 | P6: 400 | Q6: 46037 | R6: 03DD0003 | S6: 46030 | T6: Chưa có công thức lab | U6: {=IFERROR(index('3. Công thức lab theo từng mã h'!J:J,MATCH(C6,'3. Công thức lab theo từng mã h'!L:L,0)),"")}
A7: =COUNTIF($S$3:S7,S7) -> 3 | B7: Dego Cần Thơ | C7: ITP08012613 | D7: 46030 | F7: IDA | G7: HH4609 | H7: IDA GLOBAL (ĐL ÚT TÈO) - Hữu Cơ Organic ĐGP 01 - WINNER EXTRA - 500ml - 40 | I7: Phân bón | J7: Hữu Cơ Organic ĐGP 01 | K7: Công thức lab I01171025 | L7: Nước nâu đen | M7: Chai | N7: 40 | O7: 25 | P7: 1000 | Q7: 46050 | R7: 04VG0010V3 | S7: 46030 | T7: Chưa có công thức lab | U7: {=IFERROR(index('3. Công thức lab theo từng mã h'!J:J,MATCH(C7,'3. Công thức lab theo từng mã h'!L:L,0)),"")}
A8: =COUNTIF($S$3:S8,S8) -> 1 | B8: Dego Cần Thơ | C8: XTP.09012601 | D8: 46031 | F8: Dr.xanh | G8: HH4204 | H8: DR.XANH - VIII - 4204 - ROBUST EXTRA (Gel nâu đen) - 500ml - 40 | J8: Root US90 | K8: X01180825 | L8: Đen | M8: chai | N8: 40 | O8: 75 | P8: 3000 | Q8: 46042 | R8: 01RR0071V1 | S8: 46031 | T8: Chưa có công thức lab | U8: {=IFERROR(index('3. Công thức lab theo từng mã h'!J:J,MATCH(C8,'3. Công thức lab theo từng mã h'!L:L,0)),"")}
A9: =COUNTIF($S$3:S9,S9) -> 2 | B9: Dego Cần Thơ | C9: XTP.09012602 | D9: 46031 | F9: Dr.xanh | G9: HH4206 | H9: DR.XANH - VIII - 4206 - ROBUST EXTRA (Gel nâu đen) - 250ml - 40 | J9: Root US90 | K9: X01180825 | L9: Đen | M9: chai | N9: 40 | O9: 50 | P9: 2000 | Q9: 46042 | R9: 01RR0071V5 | S9: 46031 | T9: Chưa có công thức lab | U9: {=IFERROR(index('3. Công thức lab theo từng mã h'!J:J,MATCH(C9,'3. Công thức lab theo từng mã h'!L:L,0)),"")}
A10: =COUNTIF($S$3:S10,S10) -> 0 | B10: Dego Cần Thơ | C10: ATP16042602 | D10: 46128 | E10: Đã duyệt | F10: ABA | G10: HH4479 | H10: GC - V - 4479 - CTY QUANG ĐĂNG AGRICULTURE (ĐL ÚT TIỆP) - COMBI GREEN (Nước trắng sữa) - 250ml - 40 | I10: Phân bón | J10: vi lượng Phú Sĩ FJ-09 Kẽm Mg | K10: A02011025 | L10: Nước trắng sữa | M10: Chai | N10: 40 | O10: 10 | P10: 400 | Q10: 46137 | U10: {=IFERROR(index('3. Công thức lab theo từng mã h'!J:J,MATCH(C10,'3. Công thức lab theo từng mã h'!L:L,0)),"")}
A11: =COUNTIF($S$3:S11,S11) -> 0 | B11: Dego Cần Thơ | C11: ATP05052604 | D11: 46147 | E11: Đã duyệt | F11: ABA | G11: HH4976 | H11: GC - V - 4976 - CTY AN LẠC - GROW 7-7-7 + TE (Gel xanh lơ) - 50ml - 300 | I11: Phân bón | J11: lá NPK-vi lượng GNC19 | K11: A07290725 | L11: Gel xanh lơ | M11: Túi/Gói | N11: 300 | O11: 15 | P11: 4500 | Q11: 46158 | R11: 01RR0070 | T11: Có công thức | U11: 01RR0070 | V11: 46147
A12: =COUNTIF($S$3:S12,S12) -> 0 | U12: {=IFERROR(index('3. Công thức lab theo từng mã h'!J:J,MATCH(C12,'3. Công thức lab theo từng mã h'!L:L,0)),"")}
A13: =COUNTIF($S$3:S13,S13) -> 0 | U13: {=IFERROR(index('3. Công thức lab theo từng mã h'!J:J,MATCH(C13,'3. Công thức lab theo từng mã h'!L:L,0)),"")}
A14: =COUNTIF($S$3:S14,S14) -> 0 | U14: {=IFERROR(index('3. Công thức lab theo từng mã h'!J:J,MATCH(C14,'3. Công thức lab theo từng mã h'!L:L,0)),"")}
A15: =COUNTIF($S$3:S15,S15) -> 0 | U15: {=IFERROR(index('3. Công thức lab theo từng mã h'!J:J,MATCH(C15,'3. Công thức lab theo từng mã h'!L:L,0)),"")}
A16: =COUNTIF($S$3:S16,S16) -> 0 | U16: {=IFERROR(index('3. Công thức lab theo từng mã h'!J:J,MATCH(C16,'3. Công thức lab theo từng mã h'!L:L,0)),"")}
A17: =COUNTIF($S$3:S17,S17) -> 0 | U17: {=IFERROR(index('3. Công thức lab theo từng mã h'!J:J,MATCH(C17,'3. Công thức lab theo từng mã h'!L:L,0)),"")}
A18: =COUNTIF($S$3:S18,S18) -> 0 | U18: {=IFERROR(index('3. Công thức lab theo từng mã h'!J:J,MATCH(C18,'3. Công thức lab theo từng mã h'!L:L,0)),"")}
A19: =COUNTIF($S$3:S19,S19) -> 0 | U19: {=IFERROR(index('3. Công thức lab theo từng mã h'!J:J,MATCH(C19,'3. Công thức lab theo từng mã h'!L:L,0)),"")}
A20: =COUNTIF($S$3:S20,S20) -> 0 | U20: {=IFERROR(index('3. Công thức lab theo từng mã h'!J:J,MATCH(C20,'3. Công thức lab theo từng mã h'!L:L,0)),"")}
A21: =COUNTIF($S$3:S21,S21) -> 0 | U21: {=IFERROR(index('3. Công thức lab theo từng mã h'!J:J,MATCH(C21,'3. Công thức lab theo từng mã h'!L:L,0)),"")}
A22: =COUNTIF($S$3:S22,S22) -> 0 | U22: {=IFERROR(index('3. Công thức lab theo từng mã h'!J:J,MATCH(C22,'3. Công thức lab theo từng mã h'!L:L,0)),"")}
A23: =COUNTIF($S$3:S23,S23) -> 0 | U23: {=IFERROR(index('3. Công thức lab theo từng mã h'!J:J,MATCH(C23,'3. Công thức lab theo từng mã h'!L:L,0)),"")}
... A659: =COUNTIF($S$3:S659,S659) -> 0 | U659: {=IFERROR(index('3. Công thức lab theo từng mã h'!J:J,MATCH(C659,'3. Công thức lab theo từng mã h'!L:L,0)),"")}

Sheet HÀNG NGÀY 2025
A2: STT | B2: NCC đề xuất | C2: Mã đơn đặt hàng (po) | D2: Ngày yêu cầu | E2: Trạng thái kiểm duyệt nhãn | F2: Thương hiệu | G2: Mã Hàng | H2: Tên hàng | I2: Phân loại | J2: Tên pháp lý | K2: Công thức | L2: Màu btp | M2: ĐVT | N2: Quy cách thùng | O2: SLTP/Thùng | P2: Sl thành phẩm (gồm khuyến mãi) | Q2: Ngày yêu cầu sẵn kho NCC | R2: CÔNG THỨC GẦN NHẤT (Tham Khảo) | S2: Ngày check giá | T2: Ghi chú Hương | U2: Ghi chú | V2: Công thức BĐM từ lab | W2: Ngày cập nhật | X2: Ghi chú Nhật Anh
A3: =COUNTIF($S3:S$7,S3) -> 4 | B3: Dego Đồng Tháp | C3: ATP30082502 | D3: 45899 | E3: Đã duyệt | F3: ABA | G3: HH1625 | H3: GC - II - 1625 - AGC - BOCAX (nước vàng) - 500ml - 40 | I3: Phân bón | J3: Vi lượng Run Fast | K3: cùng ruột 1618 | L3: Nước vàng | M3: Chai | N3: 40 | O3: 5 | P3: 200 | Q3: 45910 | R3: 10CR0001V1 | S3: 45903 | U3: x
A4: =COUNTIF($S4:S$7,S4) -> 3 | B4: Dego Đồng Tháp | C4: ITP.30082506 | D4: 45899 | F4: IDA | G4: HH3860 | H4: IDA Global - I - 3860 - CỨNG CÂY 304 (Nước nâu đen) - 500ml - 40 | I4: Phân bón | J4: Hữu cơ SH Agro Organic Fertilizer 20 | L4: Nước nâu đen | M4: Chai | N4: 40 | O4: 50 | P4: 2000 | Q4: 45915 | R4: 02CC0002V1 | S4: 45903 | U4: x
A5: =COUNTIF($S5:S$7,S5) -> 2 | B5: Dego Đồng Tháp | C5: ITP.30082514 | D5: 45899 | F5: IDA | G5: HH3170 | H5: IDA Global - I - 3170 - IDA ORGANIC X2 (Nước nâu đen) - 1L - 20 | I5: Phân bón | J5: Hữu cơ SH Agro Organic Fertilizer 20 | L5: Nước nâu đen | M5: Chai | N5: 20 | O5: 10 | P5: 200 | Q5: 45911 | R5: 01RR0044 | S5: 45903 | U5: x
A6: =COUNTIF($S6:S$7,S6) -> 1 | B6: Dego Đồng Tháp | C6: ITP.30082516 | D6: 45899 | F6: IDA | G6: HH3994 | H6: IDA Global - I - 3994 - RONADO (Nước tím) - 450ml - 40 | I6: Phân bón | J6: Hỗn Hợp NP AGAMA-AP | L6: Nước tím | M6: Chai | N6: 40 | O6: 15 | P6: 600 | Q6: 45912 | R6: 01RR0025V3 | S6: 45903 | U6: x
A7: =COUNTIF($S7:S$7,S7) -> 1 | B7: Dego Đồng Tháp | C7: ATP23082501 | D7: 45892 | E7: Đã duyệt | F7: ABA | G7: HH4021 | H7: GC - II - 4021 - GC ABA (A. QUYẾT) - GROW FAST (nước nâu đen) - 20L - 1 | I7: Phân bón | J7: Hữu cơ ORGANIC ĐGP 01 | K7: A01090825 | L7: Nước nâu đen | M7: Can | N7: 1 | O7: 30 | P7: 30 | Q7: 45903 | R7: 05KC0010 | S7: 45905 | U7: x
A8: =COUNTIF($S8:S$7,S8) -> 2 | B8: Dego Đồng Tháp | C8: ATP26082508 | D8: 45895 | E8: Đã duyệt | F8: ABA | G8: HH3998 | H8: GC - IV - 3998 - CTY NAUY - SUPER NANO (Nước nâu đen) - 500ml - 40 | I8: Phân bón | J8: HỖN HỢP NPK AGAMA-SRH | K8: A07190825 | L8: Nước nâu đen | M8: Chai | N8: 40 | O8: 25 | P8: 1000 | Q8: 45909 | R8: 04VG0039 | S8: 45905 | U8: x
A9: =COUNTIF($S9:S$7,S9) -> 3 | B9: Dego Đồng Tháp | C9: AYC28082503 | D9: 45897 | E9: Đã duyệt | F9: ABA | G9: HH3960 | H9: GC - IV - 3960 - Cty Hương Nông - HN-pH++ (Nước nâu đen) - 5L - 4 | I9: Phân bón | J9: Hữu cơ SH Agro Organic Fertilizer 20 | L9: Nước nâu đen | M9: Can | N9: 4 | O9: 0.75 | P9: 3 | Q9: 45908 | R9: 01RR0014V3 | S9: 45905 | U9: x
A10: =COUNTIF($S10:S$7,S10) -> 4 | B10: Dego Đồng Tháp | C10: ATP04092503 | D10: 45904 | E10: Đã duyệt | F10: ABA | G10: HH4049 | H10: GC - IV - 4049 - WINDY ALS - CALCIBOZIN (Dạng SC - Trắng sữa) - 500ml - 40 | I10: Phân bón | J10: Vi lượng AGAMA-CANXI BO | K10: A02160725 | L10: Dạng SC - Trắng sữa | M10: Chai | N10: 40 | O10: 20 | P10: 800 | Q10: 45918 | R10: 10CR0021 | S10: 45905 | U10: x
A11: =COUNTIF($S11:S$7,S11) -> 5 | B11: Dego Đồng Tháp | C11: XTP.04092501 | D11: 45904 | F11: Dr.Xanh | G11: HH3983 | H11: DR.XANH - VIII - 3983 - ROBUST EXTRA (Gel nâu đen) - 250ml - 40 | I11: Phân bón | J11: Hữu cơ ROOTS US90 | K11: X01180825 | L11: Gel nâu đen | M11: Chai | N11: 40 | O11: 10 | P11: 400 | Q11: 45908 | R11: 01RR0071 | S11: 45905 | U11: x
A12: =COUNTIF($S12:S$7,S12) -> 6 | B12: Dego Đồng Tháp | C12: ATP05082503 | D12: 45905 | E12: Đã duyệt | F12: ABA | G12: HH1913 | H12: GC - IV - 1913 - HÓA NÔNG SHINO - COMBI SHINO PLUS+ (Nước xanh lá) - 250ml - 40 | I12: Phân bón | J12: Vi lượng Quantity New | K12: Đóng Như lô gần nhất | L12: Nước xanh lá | M12: Chai | N12: 40 | O12: 10 | P12: 400 | Q12: 45912 | R12: 16VL0001V1 | S12: 45905 | U12: x
A13: =COUNTIF($S13:S$7,S13) -> 7 | B13: Dego Đồng Tháp | C13: ATP05082504 | D13: 45905 | E13: Đã duyệt | F13: ABA | G13: HH2893 | H13: GC - IV - 2893 - CTY ASAHI NHẬT BẢN - KINONE KÍCH RỄ (Nước nâu đen) - 22kg - 1 | I13: Phân bón | J13: Hữu cơ SH Agro Organic Fertilizer 20 | L13: Nước nâu đen | M13: Can | N13: 1 | O13: 20 | P13: 20 | Q13: 45913 | R13: 01RR0036 | S13: 45905 | U13: x
A14: =COUNTIF($S14:S$7,S14) -> 8 | B14: Dego Đồng Tháp | C14: ATP05082505 | D14: 45905 | E14: Đã duyệt | F14: ABA | G14: HH4052 | H14: GC - IV - 4052 - AGRITECH - NUTI ROOTS 02 (Nước nâu đen) - 1L - 20 | I14: Phân bón | J14: Hỗn Hợp NP AGAMA-AP | K14: A20280225 | L14: Nước nâu đen | M14: Chai | N14: 20 | O14: 10 | P14: 200 | Q14: 45910 | R14: 01RR0050 | S14: 45905 | U14: x
A15: =COUNTIF($S15:S$7,S15) -> 0 | B15: Dego Đồng Tháp | C15: ITP.29082508 | D15: 45898 | F15: IDA | G15: HH3905 | H15: IDA Global - I - 3905 - WINNER X2 (Nước đỏ cam) - 500ml - 40 | I15: Phân bón | J15: NPK-Vi lượng MASSIVE-BLUE | L15: Nước đỏ cam | M15: Chai | N15: 40 | O15: 30 | P15: 1200 | Q15: 45909 | R15: 04VG0015 | U15: x
A16: =COUNTIF($S16:S$7,S16) -> 0 | B16: Dego Đồng Tháp | C16: ITP.29082503 | D16: 45898 | F16: IDA | G16: HH3888 | H16: IDA Global - I - 3888 - VG RICE 02 - 500ml - 40 | I16: Phân bón | J16: NPK-vi lượng HC CAN | L16: chưa xác định | M16: Chai | N16: 40 | O16: 30 | P16: 1200 | Q16: 45906 | R16: 04VG0033 | U16: x
A17: =COUNTIF($S17:S$7,S17) -> 0 | B17: Dego Đồng Tháp | C17: ITP.29082505 | D17: 45898 | F17: IDA | G17: HH3888 | H17: IDA Global - I - 3888 - VG RICE 02 - 500ml - 40 | I17: Phân bón | J17: NPK-vi lượng HC CAN | L17: chưa xác định | M17: Chai | N17: 40 | O17: 20 | P17: 800 | Q17: 45910 | R17: 04VG0033 | U17: x
A18: =COUNTIF($S18:S$7,S18) -> 1 | B18: Dego Đồng Tháp | C18: XTP.05092501 | D18: 45905 | F18: Dr.Xanh | G18: HH4089 | H18: DR.XANH - VIII - 4089 - DR.XTRESS (Nước nâu đen) - 250ml - 40 | I18: Phân bón | J18: Hữu cơ Organic BM Gold FW | K18: X03121224 | L18: Nước nâu đen | M18: Chai | N18: 40 | O18: 50 | P18: 2000 | Q18: 45908 | R18: 01RR0040 | S18: 45906 | U18: x
A19: =COUNTIF($S19:S$7,S19) -> 2 | B19: Dego Đồng Tháp | C19: ITP.06092503 | D19: 45906 | F19: IDA | G19: HH4091 | H19: IDA Global - I - 4091 - KG - ORGANIC X2 (Nước nâu đen) - 1L - 20 | I19: Phân bón | J19: Hữu cơ SH Agro Organic Fertilizer 20 | L19: Nước nâu đen | M19: Chai | N19: 20 | O19: 20 | P19: 400 | Q19: 45913 | R19: 01RR0044 | S19: 45906 | U19: x
A20: =COUNTIF($S20:S$7,S20) -> 1 | B20: Dego Đồng Tháp | C20: ATP06092503 | D20: 45906 | E20: Đã duyệt | F20: ABA | G20: HH3953 | H20: GC - IV - 3953 - CTY THIÊN DI - THIDI CANXIBO (Nước trắng sữa) - 500ml - 40 | I20: Phân bón | J20: Vi lượng AGAMA-CANXI BO | K20: A02160725 | L20: Nước trắng sữa | M20: Chai | N20: 40 | O20: 20 | P20: 800 | Q20: 45913 | R20: 10CR0021 | S20: 45908 | U20: x
A21: =COUNTIF($S21:S$7,S21) -> 2 | B21: Dego Đồng Tháp | C21: ATP08092501 | D21: 45908 | E21: Đã duyệt | F21: ABA | G21: HH4086 | H21: GC - IV - 4086 - CTY QUANG ĐĂNG AGRICULTURE - GROW BOOST (Nước nâu đen) - 500ml - 40 | I21: Phân bón | J21: Hỗn Hợp NP AGAMA-AP | K21: 19DD0017 | L21: Nước nâu đen | M21: Chai | N21: 40 | O21: 10 | P21: 400 | Q21: 45919 | R21: 19DD0017 | S21: 45908 | U21: x
A22: =COUNTIF($S22:S$7,S22) -> 3 | B22: Dego Đồng Tháp | C22: ITP.08092501 | D22: 45908 | F22: IDA | G22: HH4090 | H22: IDA GLOBAL - Hữu cơ SH Agro Organic Fertilizer 20 - IDA ORGANIC X2 - 1L - 20 | I22: Phân bón | J22: Hữu cơ SH Agro Organic Fertilizer 20 | K22: Click chọn | L22: Nước nâu đen | M22: Chai | N22: 20 | O22: 10 | P22: 200 | Q22: 45915 | R22: 01RR0044 | S22: 45908 | U22: x
A23: =COUNTIF($S23:S$7,S23) -> 1 | B23: Dego Đồng Tháp | C23: XTP.09092501 | D23: 45908 | F23: Dr.Xanh | G23: HH3983 | H23: DR.XANH - VIII - 3983 - ROBUST EXTRA (Gel nâu đen) - 250ml - 40 | I23: Phân bón | J23: Hữu cơ ROOTS US90 | K23: X01180825 | L23: Gel nâu đen | M23: Chai | N23: 40 | O23: 50 | P23: 2000 | Q23: 45920 | R23: 01RR0071V1 | S23: 45909 | U23: x
A24: =COUNTIF($S24:S$7,S24) -> 2 | B24: Dego Đồng Tháp | C24: ATP09092502 | D24: 45909 | E24: Đã duyệt | F24: ABA | G24: HH3801 | H24: GC - II - 3801 - CSSX An Khang (A.Dinh) - TAK09 (Nước nâu đen) - 500ml - 40 | I24: Phân bón | J24: Hữu cơ SH Agro Organic Fertilizer 20 | K24: A01090625 | L24: Nước nâu đen | M24: Chai | N24: 40 | O24: 10 | P24: 400 | Q24: 45915 | R24: 01RR0055 | S24: 45909 | U24: x
A25: =COUNTIF($S25:S$7,S25) -> 1 | B25: Dego Đồng Tháp | C25: ATP04092504 | D25: 45904 | E25: Đã duyệt | F25: ABA | G25: HH4050 | H25: GC - IV - 4050 - WINDY ALS - ZINC-MAGIE (Dạng SC - Xanh lá) - 450ml - 40 | I25: Phân bón | J25: vi lượng Phú Sĩ FJ-09 Kẽm Mg | K25: A05200825 | L25: Dạng SC - Xanh lá | M25: Chai | N25: 40 | O25: 20 | P25: 800 | Q25: 45918 | R25: 23GS0011 | S25: 45910 | U25: x
A26: =COUNTIF($S26:S$7,S26) -> 2 | B26: Dego Đồng Tháp | C26: ITP.10092502 | D26: 45910 | F26: IDA | G26: HH3986 | H26: IDA Global - I - 3986 - STOP UP (Nước nâu đen) - 1L - 20 | I26: Phân bón | J26: Vi lượng Quantity New | L26: Nước nâu đen | M26: Chai | N26: 20 | O26: 30 | P26: 600 | Q26: 45922 | R26: 06CD0009V1 | S26: 45910 | U26: x
A27: =COUNTIF($S27:S$7,S27) -> 3 | B27: Dego Đồng Tháp | C27: AYC10092501 | D27: 45910 | E27: Đã duyệt | F27: ABA | G27: HH3999 | H27: GC - IV - 3999 - CTY NAUY - GALAXY (Nước nâu đen) - 500ml - 40 | I27: Phân bón | J27: Vi lượng AGAMA-SUPPORT | K27: S02031224 | L27: Nước nâu đen | M27: Chai | N27: 40 | O27: 7 | P27: 280 | Q27: 45916 | R27: Đơn hàng xử lý | S27: 45910 | U27: x
A28: =COUNTIF($S28:S$7,S28) -> 1 | B28: Dego Đồng Tháp | C28: AYC13092501 | D28: 45913 | E28: Đã duyệt | F28: ABA | G28: HH3972 | H28: GC - IV - 3972 - THÀNH CÔNG AGRI - ULTRA FRUIT (Gel nâu đen) - 20L - 1 | I28: Phân bón | J28: Vi lượng Quantity New | K28: cùng ruột 3091 | L28: Gel nâu đen | M28: Xô | N28: 1 | O28: 1 | P28: 1 | Q28: 45903 | R28: 11TT0006V1 | S28: 45915 | U28: x
A29: =COUNTIF($S29:S$7,S29) -> 2 | B29: Dego Đồng Tháp | C29: ATP15092501 | D29: 45915 | E29: Đã duyệt | F29: ABA | G29: HH3605 | H29: GC - IV - 3605 - HƯƠNG NÔNG - Siêu Chặn Đọt (nước nâu đen) - 1L - 20 | I29: Phân bón | J29: Vi lượng Quantity New | K29: 06CD0007 | L29: Gel nâu đen | M29: Chai | N29: 20 | O29: 10 | P29: 200 | Q29: 45920 | R29: 06CD0007 | S29: 45915 | U29: x
A30: =COUNTIF($S30:S$7,S30) -> 3 | B30: Dego Đồng Tháp | C30: ATP15092502 | D30: 45915 | E30: Đã duyệt | F30: ABA | G30: HH4124 | H30: GC - IV - 4124 - Cty Hương Nông - Đậu Trái (nước vàng mật ong) - 500ml - 40 | I30: Phân bón | J30: Vi lượng Run Fast | K30: Cùng ruột bocax AGC HH1625 | L30: Màu vàng mật ong | M30: Chai | N30: 40 | O30: 5 | P30: 200 | Q30: 45920 | R30: 10CR0001V1 | S30: 45915 | U30: x
A31: =COUNTIF($S31:S$7,S31) -> 1 | B31: Dego Đồng Tháp | C31: ATP11092501 | D31: 45911 | E31: Đã duyệt | F31: ABA | G31: HH3743 | H31: GC - IV - 3743 - CTY QUANG ĐĂNG AGRICULTURE - ĐL LÂM THANH TRÍ - KIM TRỤ (Nước nâu đen) - 500ml - 40 | I31: Phân bón | J31: Hữu Cơ Crops Care | K31: A01180625 | L31: Nước nâu đen | M31: Chai | N31: 40 | O31: 10 | P31: 400 | Q31: 45923 | R31: 02CC0011V1 | S31: 45916 | U31: x
A32: =COUNTIF($S32:S$7,S32) -> 2 | B32: Dego Đồng Tháp | C32: ATP16092502 | D32: 45916 | E32: Đã duyệt | F32: ABA | G32: HH4134 | H32: GC ABA - CTY NAUY - Hỗn Hợp NP AGAMA-AP - GALAXY - 500ml - 40 | I32: Phân bón | J32: Hỗn Hợp NP AGAMA-AP | K32: A20280225 cùng ruột 4052 | L32: Nước nâu đen | M32: Chai | N32: 40 | O32: 20 | P32: 800 | Q32: 45924 | R32: 01RR0050 | S32: 45916 | U32: x
A33: =COUNTIF($S33:S$7,S33) -> 3 | B33: Dego Đồng Tháp | C33: ATP16092504 | D33: 45916 | E33: Đã duyệt | F33: ABA | G33: HH4011 | H33: GC - IV - 4011 - NHP GROUP - KODO STOP (Nước nâu đen) - 1L - 20 | I33: Phân bón | J33: Vi lượng Quantity New | K33: cùng ruột 3483 Dòng V1 | L33: Nước nâu đen | M33: Chai | N33: 20 | O33: 10 | P33: 200 | Q33: 45923 | R33: 06CD0006 | S33: 45916 | U33: x
A34: =COUNTIF($S34:S$7,S34) -> 4 | B34: Dego Đồng Tháp | C34: ATP16092505 | D34: 45916 | E34: Đã duyệt | F34: ABA | G34: HH3337 | H34: GC - IV - 3337 - NHP Group - CALIMIX (Nước nâu đen) - 500ml - 40 | I34: Phân bón | J34: Hữu cơ SH Agro Organic Fertilizer 20 | K34: A05050325 | L34: Nước nâu đen | M34: Chai | N34: 40 | O34: 10 | P34: 400 | Q34: 45925 | R34: 08TM0019 | S34: 45916 | U34: x
A35: =COUNTIF($S35:S$7,S35) -> 5 | B35: Dego Đồng Tháp | C35: ATP16092506 | D35: 45916 | E35: Đã duyệt | F35: ABA | G35: HH2522 | H35: GC - II - 2522 - CSSX An Khang (A.Dinh) - T-AK 01 (Gel nâu đen) - 500ml - 40 | I35: Phân bón | J35: Vi lượng Quantity New | K35: Đóng như đơn gần nhất | L35: Gel nâu đen | M35: Chai | N35: 40 | O35: 10 | P35: 400 | Q35: 45924 | R35: 09KH0007 | S35: 45916 | U35: x
A36: =COUNTIF($S36:S$7,S36) -> 6 | B36: Dego Đồng Tháp | C36: ATP16092507 | D36: 45916 | E36: Đã duyệt | F36: ABA | G36: HH4140 | H36: GC - IV - 4140 - CTY HIỆP PHÁT ABC - HP 06 (Gel nâu đen) - 330ml - 40 | I36: Phân bón | J36: Vi lượng Run Fast | K36: Cùng ruột HH2550 | L36: Gel nâu đen | M36: Chai | N36: 40 | O36: 15 | P36: 600 | Q36: 45927 | R36: 09KH0010 | S36: 45916 | U36: x
A37: =COUNTIF($S37:S$7,S37) -> 7 | B37: Dego Đồng Tháp | C37: ITP.16092502 | D37: 45916 | F37: IDA | G37: HH4075 | H37: IDA Global - I - 4075 - CỨNG CÂY 304 (Nước nâu đen) - 500ml - 40 | I37: Phân bón | J37: Hữu cơ SH Agro Organic Fertilizer 20 | L37: Nước nâu đen | M37: Chai | N37: 40 | O37: 34 | P37: 1360 | Q37: 45923 | R37: 02CC0002V1 | S37: 45916 | U37: x
A38: =COUNTIF($S38:S$7,S38) -> 1 | B38: Dego Đồng Tháp | C38: ATP18092501 | D38: 45918 | E38: Đã duyệt | F38: ABA | G38: HH1570 | H38: GC - II - 1570 - Japan Crop Science - Sumo Siêu Cứng (gel nâu đen) - 500ml - 30 | I38: Phân bón | J38: Vi lượng Quantity New | K38: Dòng phụ gia thấp V1 | L38: Gel nâu đen | M38: Chai | N38: 30 | O38: 20 | P38: 600 | Q38: 45925 | R38: 02CC0001V1 | S38: 45922 | U38: x
A39: =COUNTIF($S39:S$7,S39) -> 2 | B39: Dego Đồng Tháp | C39: STP19092501 | D39: 45919 | F39: N2SBIO | G39: HH3903 | H39: GC - V - 3903 - N2SBIO - N2 MG ZN-70 (Nước xanh lá) - 500ml - 40 | I39: Phân bón | J39: vi lượng Phú Sĩ FJ-09 Kẽm Mg | K39: N01080825 | L39: Nước xanh lá | M39: Chai | N39: 40 | O39: 10 | P39: 400 | Q39: 45923 | R39: 23GS0002 | S39: 45922 | U39: x
A40: =COUNTIF($S40:S$7,S40) -> 3 | B40: Dego Đồng Tháp | C40: ATP22092503 | D40: 45922 | E40: Đã duyệt | F40: ABA | G40: HH3520 | H40: CTY NEWTECH - Vi lượng MICKEY - NEW ZINC - 500ml - 40 | I40: Phân bón | J40: Vi lượng MICKEY | K40: CÙNG RUỘT HH1973 | L40: Nước vàng sữa | M40: Chai | N40: 40 | O40: 30 | P40: 1200 | Q40: 45929 | R40: 03D0001V1 | S40: 45922 | U40: x
A41: =COUNTIF($S41:S$7,S41) -> 1 | B41: Dego Đồng Tháp | C41: ATP22092504 | D41: 45922 | E41: Đã duyệt | F41: ABA | G41: HH4018 | H41: GC - II - 4018 - Cty Hương Nông (A.Tùng) - Bung Đọt (nước nâu đen) - 500ml - 40 | I41: Phân bón | J41: Vi lượng Quantity New | K41: Cùng ruột HH1816 | L41: Nước nâu đen | M41: Chai | N41: 40 | O41: 5 | P41: 200 | Q41: 45929 | R41: 05KC0004 | S41: 45923 | U41: x
A42: =COUNTIF($S42:S$7,S42) -> 2 | B42: Dego Đồng Tháp | C42: ATP23092505 | D42: 45923 | E42: Đã duyệt | F42: ABA | G42: HH3965 | H42: GC - IV - 3965 - THÀNH CÔNG AGRI - STOP ĐỌT (Nước nâu đen V2) - 1L - 20 | I42: Phân bón | J42: Vi lượng Quantity New | K42: CHẶN ĐỌT DÒNG V2 | L42: Nước nâu đen V2 | M42: Chai | N42: 20 | O42: 5 | P42: 100 | Q42: 45933 | R42: 06CD0009V1 | S42: 45923 | U42: x
A43: =COUNTIF($S43:S$7,S43) -> 3 | B43: Dego Đồng Tháp | C43: ATP23092506 | D43: 45923 | E43: Đã duyệt | F43: ABA | G43: HH3971 | H43: GC - IV - 3971 - Cty Thành Công Agri - MASTER STOP (nước nâu đen V2) - 1L - 20 | I43: Phân bón | J43: Vi lượng Quantity New | K43: CHẶN ĐỌT DÒNG V2 | L43: Nước nâu đen V2 | M43: Chai | N43: 20 | O43: 25 | P43: 500 | Q43: 45933 | R43: 06CD0009V1 | S43: 45923 | U43: x
A44: =COUNTIF($S44:S$7,S44) -> 4 | B44: Dego Đồng Tháp | C44: ITP.23092501 | D44: 45923 | F44: IDA | G44: HH3986 | H44: IDA Global - I - 3986 - STOP UP (Nước nâu đen) - 1L - 20 | I44: Phân bón | J44: Vi lượng Quantity New | L44: Nước nâu đen | M44: Chai | N44: 20 | O44: 20 | P44: 400 | Q44: 45929 | R44: 06CD0009V1 | S44: 45923 | U44: x
A45: =COUNTIF($S45:S$7,S45) -> 1 | B45: Dego Đồng Tháp | C45: ATP24092502 | D45: 45924 | E45: Đã duyệt | F45: ABA | G45: HH4011 | H45: GC - IV - 4011 - NHP GROUP - KODO STOP (Nước nâu đen) - 1L - 20 | I45: Phân bón | J45: Vi lượng Quantity New | K45: cùng ruột 3483 Dòng V1 | L45: Nước nâu đen | M45: Chai | N45: 20 | O45: 10 | P45: 200 | Q45: 45923 | R45: 06CD0006 | S45: 45924 | U45: x
A46: =COUNTIF($S46:S$7,S46) -> 2 | B46: Dego Đồng Tháp | C46: ATP24092504 | D46: 45924 | E46: Đã duyệt | F46: ABA | G46: HH3851 | H46: GC - IV - 3851 - NHP GROUP - ULTRA KEO CABOR (Nước vàng) - 200ml - 40 | I46: Phân bón | J46: Vi lượng Run Fast | K46: cùng ruột 3027 | L46: Nước vàng | M46: Chai | N46: 40 | O46: 10 | P46: 400 | Q46: 45930 | R46: 10CR0001V1 | S46: 45924 | U46: x
A47: =COUNTIF($S47:S$7,S47) -> 3 | B47: Dego Đồng Tháp | C47: ATP24092506 | D47: 45924 | E47: Đã duyệt | F47: ABA | G47: HH3996 | H47: GC - IV - 3996 - CTY DONA VINA - UNI-STOP ONE (Nước nâu đen) - 1L - 20 | I47: Phân bón | J47: Vi lượng Quantity New | K47: CHẶN ĐỌT DÒNG V2 | L47: Nước nâu đen | M47: Chai | N47: 20 | O47: 5 | P47: 100 | Q47: 45931 | R47: 06CD0009V1 | S47: 45924 | U47: x
A48: =COUNTIF($S48:S$7,S48) -> 4 | B48: Dego Đồng Tháp | C48: STP23092501 | D48: 45923 | F48: N2SBIO | G48: HH3903 | H48: GC - V - 3903 - N2SBIO - N2 MG ZN-70 (Nước xanh lá) - 500ml - 40 | I48: Phân bón | J48: vi lượng Phú Sĩ FJ-09 Kẽm Mg | K48: N01080825 | L48: Nước xanh lá | M48: Chai | N48: 40 | O48: 15 | P48: 600 | Q48: 45929 | R48: 23GS0002 | S48: 45924 | U48: x
A49: =COUNTIF($S49:S$7,S49) -> 1 | B49: Dego Đồng Tháp | C49: ATP16092510 | D49: 45916 | E49: Đã duyệt | F49: ABA | G49: HH4125 | H49: GC - IV - 4125 - CTY QUANG ĐĂNG AGRICULTURE - ĐL LÂM THANH TRÍ - QĐ-PHOSKA (Nước nâu đen) - 500ml - 40 | I49: Phân bón | J49: LÁ HỖN HỢP PK AGRI FOS AB | K49: A03160925 | L49: Nước tím nhạt | M49: Chai | N49: 40 | O49: 10 | P49: 400 | Q49: 45925 | R49: 08TM0025 | S49: 45926 | U49: x
A50: =COUNTIF($S50:S$7,S50) -> 2 | B50: Dego Đồng Tháp | C50: STP19092502 | D50: 45919 | F50: N2SBIO | G50: HH4027 | H50: GC - IX - 4027 - N2SBIO - N2 HYPER LOCK (Dạng SC - Trắng sữa) - 1L - 20 | I50: Phân bón | J50: LÁ PK-TRUNG LƯỢNG NBC-PHOTPHONATE | K50: N04290725 | L50: Dạng SC - Trắng sữa | M50: Chai | N50: 20 | O50: 15 | P50: 300 | Q50: 45923 | R50: 06CD0016 | S50: 45926 | U50: x
A51: =COUNTIF($S51:S$7,S51) -> 3 | B51: Dego Đồng Tháp | C51: ATP24092502 | D51: 45924 | E51: Đã duyệt | F51: ABA | G51: HH4011 | H51: GC - IV - 4011 - NHP GROUP - KODO STOP (Nước nâu đen) - 1L - 20 | I51: Phân bón | J51: Vi lượng Quantity New | K51: cùng ruột 3483 Dòng V1 | L51: Nước nâu đen | M51: Chai | N51: 20 | O51: 10 | P51: 200 | Q51: 45923 | R51: 06CD0006 | S51: 45926 | U51: x
A52: =COUNTIF($S52:S$7,S52) -> 4 | B52: Dego Đồng Tháp | C52: ATP24092504 | D52: 45924 | E52: Đã duyệt | F52: ABA | G52: HH3851 | H52: GC - IV - 3851 - NHP GROUP - ULTRA KEO CABOR (Nước vàng) - 200ml - 40 | I52: Phân bón | J52: Vi lượng Run Fast | K52: cùng ruột 3027 | L52: Nước vàng | M52: Chai | N52: 40 | O52: 10 | P52: 400 | Q52: 45930 | R52: 10CR0001V1 | S52: 45926 | U52: x
A53: =COUNTIF($S53:S$7,S53) -> 5 | B53: Dego Đồng Tháp | C53: ATP24092506 | D53: 45924 | E53: Đã duyệt | F53: ABA | G53: HH3996 | H53: GC - IV - 3996 - CTY DONA VINA - UNI-STOP ONE (Nước nâu đen) - 1L - 20 | I53: Phân bón | J53: Vi lượng Quantity New | K53: CHẶN ĐỌT DÒNG V2 | L53: Nước nâu đen | M53: Chai | N53: 20 | O53: 5 | P53: 100 | Q53: 45931 | R53: 06CD0009V1 | S53: 45926 | U53: x
A54: =COUNTIF($S54:S$7,S54) -> 6 | B54: Dego Đồng Tháp | C54: ATP24092507 | D54: 45924 | E54: Đã duyệt | F54: ABA | G54: HH4160 | H54: GC - IV - 4160 - Japan Crop Science - Sumo Siêu Cứng (gel nâu đen) - 500ml - 30 | I54: Phân bón | J54: Vi lượng Quantity New | K54: Cùng ruột 1570 | L54: Gel nâu đen | M54: Chai | N54: 30 | O54: 20 | P54: 600 | Q54: 45936 | R54: 02CC0001V1 | S54: 45926 | U54: x
A55: =COUNTIF($S55:S$7,S55) -> 7 | B55: Dego Đồng Tháp | C55: STP25092501 | D55: 45925 | F55: N2SBIO | G55: HH3903 | H55: GC - V - 3903 - N2SBIO - N2 MG ZN-70 (Nước xanh lá) - 500ml - 40 | I55: Phân bón | J55: vi lượng Phú Sĩ FJ-09 Kẽm Mg | K55: N01080825 | L55: Nước xanh lá | M55: Chai | N55: 40 | O55: 15 | P55: 600 | Q55: 45931 | R55: 23GS0002 | S55: 45926 | U55: x
A56: =COUNTIF($S56:S$7,S56) -> 8 | B56: Dego Đồng Tháp | C56: ITP.24092502 | D56: 45924 | F56: BAMBOO | G56: HH3968 | H56: BAMBOO - VI - 3968 - BAMBOO 777 TE (chưa xác định) - 1L - 20 | I56: Phân bón | J56: lá NPK-vi lượng GNC19 | L56: chưa xác định | M56: Chai | N56: 20 | O56: 10 | P56: 200 | Q56: 45931 | R56: 03DĐ0015 | S56: 45926 | U56: x
A57: =COUNTIF($S57:S$7,S57) -> 9 | B57: Dego Đồng Tháp | C57: ATP25092501 | D57: 45925 | E57: Đã duyệt | F57: ABA | G57: HH4155 | H57: GC - II - 4155 - LOT AGC (CAPY GLOBAL) - DR.STOP (Nước nâu đen) - 1L - 20 | I57: Phân bón | J57: Vi lượng Quantity New | K57: Cùng ruột HH1298 | L57: Nước nâu đen | M57: Chai | N57: 20 | O57: 10 | P57: 200 | Q57: 45932 | R57: 06CD0006 | S57: 45926 | U57: x
A58: =COUNTIF($S58:S$7,S58) -> 10 | B58: Dego Đồng Tháp | C58: ATP25092506 | D58: 45925 | E58: Đã duyệt | F58: ABA | G58: HH4162 | H58: GC - IV - 4162 - NHP Group - CANXI BO BIO PLUS (Dạng SC - Trắng sữa) - 500ml - 40 | I58: Phân bón | J58: Vi lượng AGAMA-CANXI BO | K58: A02160725 | L58: Dạng SC - Trắng sữa | M58: Chai | N58: 40 | O58: 10 | P58: 400 | Q58: 45931 | R58: 10CR0021 | S58: 45926 | U58: x
A59: =COUNTIF($S59:S$7,S59) -> 11 | B59: Dego Đồng Tháp | C59: ATP26092501 | D59: 45926 | E59: Đã duyệt | F59: ABA | G59: HH3525 | H59: GC - IV - 3525 - Cty Sen Hồng (A.Diễn) - SIÊU VÔ GẠO TE+ (Gel đỏ cam) - 500ml - 40 | I59: Phân bón | J59: NPK-Vi lượng MASSIVE-BLUE | K59: cùng ruột HH2519 | L59: Gel đỏ cam | M59: Chai | N59: 40 | O59: 10 | P59: 400 | Q59: 45936 | R59: 04VG0014V1 | S59: 45926 | U59: x
A60: =COUNTIF($S60:S$7,S60) -> 12 | B60: Dego Đồng Tháp | C60: ATP26092503 | D60: 45926 | E60: Đã duyệt | F60: ABA | G60: HH4163 | H60: GC - IV - 4163 - CTY QUANG ĐĂNG AGRICULTURE (HTX TÂN THÀNH) - CABO SUPER (Nước trắng sữa) - 500ml - 40 | I60: Phân bón | J60: Vi lượng AGAMA-CANXI BO | K60: A02160725 | L60: Nước trắng sữa | M60: Chai | N60: 40 | O60: 10 | P60: 400 | Q60: 45931 | R60: 10CR0021 | S60: 45926 | U60: x
A61: =COUNTIF($S61:S$7,S61) -> 13 | B61: Dego Đồng Tháp | C61: STP26092501 | D61: 45926 | F61: N2SBIO | G61: HH4027 | H61: GC - IX - 4027 - N2SBIO - N2 HYPER LOCK (Dạng SC - Trắng sữa) - 1L - 20 | I61: Phân bón | J61: LÁ PK-TRUNG LƯỢNG NBC-PHOTPHONATE | K61: N04290725 | L61: Dạng SC - Trắng sữa | M61: Chai | N61: 20 | O61: 10 | P61: 200 | Q61: 45936 | R61: 06CD0016 | S61: 45926 | U61: x
A62: =COUNTIF($S62:S$7,S62) -> 1 | B62: Dego Đồng Tháp | C62: ATP24092507 | D62: 45924 | E62: Đã duyệt | F62: ABA | G62: HH4160 | H62: GC - IV - 4160 - Japan Crop Science - Sumo Siêu Cứng (gel nâu đen) - 500ml - 30 | I62: Phân bón | J62: Vi lượng Quantity New | K62: Cùng ruột 1570 | L62: Gel nâu đen | M62: Chai | N62: 30 | O62: 20 | P62: 600 | Q62: 45936 | R62: 02CC0001V1 | S62: 45925 | U62: x
A63: =COUNTIF($S63:S$7,S63) -> 2 | B63: Dego Đồng Tháp | C63: STP25092501 | D63: 45925 | F63: N2SBIO | G63: HH3903 | H63: GC - V - 3903 - N2SBIO - N2 MG ZN-70 (Nước xanh lá) - 500ml - 40 | I63: Phân bón | J63: vi lượng Phú Sĩ FJ-09 Kẽm Mg | K63: N01080825 | L63: Nước xanh lá | M63: Chai | N63: 40 | O63: 15 | P63: 600 | Q63: 45931 | R63: 23GS0002 | S63: 45925 | U63: x
A64: =COUNTIF($S64:S$7,S64) -> 3 | B64: Dego Đồng Tháp | C64: ATP25092501 | D64: 45925 | E64: Đã duyệt | F64: ABA | G64: HH4155 | H64: GC - II - 4155 - LOT AGC (CAPY GLOBAL) - DR.STOP (Nước nâu đen) - 1L - 20 | I64: Phân bón | J64: Vi lượng Quantity New | K64: Cùng ruột HH1298 | L64: Nước nâu đen | M64: Chai | N64: 20 | O64: 10 | P64: 200 | Q64: 45932 | R64: 06CD0006 | S64: 45925 | U64: x
A65: 1 | B65: Dego Đồng Tháp | C65: ATP16092510 | D65: 45916 | E65: Đã duyệt | F65: ABA | G65: HH4125 | H65: GC - IV - 4125 - CTY QUANG ĐĂNG AGRICULTURE - ĐL LÂM THANH TRÍ - QĐ-PHOSKA (Nước nâu đen) - 500ml - 40 | I65: Phân bón | J65: LÁ HỖN HỢP PK AGRI FOS AB | K65: A03160925 | L65: Nước tím nhạt | M65: Chai | N65: 40 | O65: 10 | P65: 400 | Q65: 45925 | R65: 08TM0025 | S65: 45926 | T65: A06290725 54.000đ chưa có công thức lab 16/9/2025 KD đổi công thức A03160925 LÂN 2 CHIỀU - 01 26/9/2025 | U65: x
A66: 2 | B66: Dego Đồng Tháp | C66: STP19092502 | D66: 45919 | F66: N2SBIO | G66: HH4027 | H66: GC - IX - 4027 - N2SBIO - N2 HYPER LOCK (Dạng SC - Trắng sữa) - 1L - 20 | I66: Phân bón | J66: LÁ PK-TRUNG LƯỢNG NBC-PHOTPHONATE | K66: N04290725 | L66: Dạng SC - Trắng sữa | M66: Chai | N66: 20 | O66: 15 | P66: 300 | Q66: 45923 | R66: 06CD0016 | S66: 45926 | T66: N04290725 chưa có công thức lab để xử lý giá 22/9/2025 285.000đ 26/9/2025 | U66: x
A67: 3 | B67: Dego Đồng Tháp | C67: ATP25092506 | D67: 45925 | E67: Đã duyệt | F67: ABA | G67: HH4162 | H67: GC - IV - 4162 - NHP Group - CANXI BO BIO PLUS (Dạng SC - Trắng sữa) - 500ml - 40 | I67: Phân bón | J67: Vi lượng AGAMA-CANXI BO | K67: A02160725 | L67: Dạng SC - Trắng sữa | M67: Chai | N67: 40 | O67: 10 | P67: 400 | Q67: 45931 | R67: 10CR0021 | S67: 45926 | T67: A02160725 49.500đ 26/9/2025 | U67: x
A68: 4 | B68: Dego Đồng Tháp | C68: ATP26092501 | D68: 45926 | E68: Đã duyệt | F68: ABA | G68: HH3525 | H68: GC - IV - 3525 - Cty Sen Hồng (A.Diễn) - SIÊU VÔ GẠO TE+ (Gel đỏ cam) - 500ml - 40 | I68: Phân bón | J68: NPK-Vi lượng MASSIVE-BLUE | K68: cùng ruột HH2519 | L68: Gel đỏ cam | M68: Chai | N68: 40 | O68: 10 | P68: 400 | Q68: 45936 | R68: 04VG0014V1 | S68: 45926 | T68: cùng ruột HH2519 48.000đ 26/9/2025 | U68: x | W68: 45930 | X68: đã có CT
A69: 5 | B69: Dego Đồng Tháp | C69: ATP26092503 | D69: 45926 | E69: Đã duyệt | F69: ABA | G69: HH4163 | H69: GC - IV - 4163 - CTY QUANG ĐĂNG AGRICULTURE (HTX TÂN THÀNH) - CABO SUPER (Nước trắng sữa) - 500ml - 40 | I69: Phân bón | J69: Vi lượng AGAMA-CANXI BO | K69: A02160725 | L69: Nước trắng sữa | M69: Chai | N69: 40 | O69: 10 | P69: 400 | Q69: 45931 | R69: 10CR0021 | S69: 45926 | T69: cùng ruột HH3515 42.000đ 26/9/2025 | U69: x | W69: 45930 | X69: đã có CT
A70: 6 | B70: Dego Đồng Tháp | C70: STP26092501 | D70: 45926 | F70: N2SBIO | G70: HH4027 | H70: GC - IX - 4027 - N2SBIO - N2 HYPER LOCK (Dạng SC - Trắng sữa) - 1L - 20 | I70: Phân bón | J70: LÁ PK-TRUNG LƯỢNG NBC-PHOTPHONATE | K70: N04290725 | L70: Dạng SC - Trắng sữa | M70: Chai | N70: 20 | O70: 10 | P70: 200 | Q70: 45936 | R70: 06CD0016 | S70: 45926 | T70: N04290725 285.000đ 26/9/2025 | U70: x | W70: 45930 | X70: đã có CT
A71: =COUNTIF($S$7:S71,S71) -> 1 | B71: Dego Đồng Tháp | C71: ATP17092501 | D71: 45917 | E71: Đã duyệt | F71: ABA | G71: HH4141 | H71: GC - IV - 4141 - NHP Group - SỬA TƯỚNG SẦU RIÊNG (Nước nâu đen) - 500ml - 40 | I71: Phân bón | J71: Hữu cơ ORGANIC ĐGP 01 | K71: A01230925 | L71: Nước nâu đen | M71: Chai | N71: 40 | O71: 10 | P71: 400 | Q71: 45926 | R71: 21ST0003 | S71: 45929 | T71: Chờ mã NL chưa có mã NL đóng hàng 22/9/2025 A01170925 đơn hàng âm KD đang cập nhật lại giá 26/9/2025 KD chấp nhận âm giá cho đi đơn hàng, sẽ điều chỉnh giá sau 29/9/2025 | U71: x | W71: 45930 | X71: đã có CT
A72: =COUNTIF($S$7:S72,S72) -> 2 | B72: Dego Đồng Tháp | C72: ITP.26092503 | D72: 45926 | F72: IDA | G72: HH4174 | H72: IDA Global - I - 4174 - STOP UP (Nước nâu đen) - 1L - 20 | I72: Phân bón | J72: Vi lượng Quantity New | L72: Nước nâu đen | M72: Chai | N72: 20 | O72: 30 | P72: 600 | Q72: 45929 | R72: 06CD0009V1 | S72: 45929 | T72: Nước nâu đen check giá theo công thức cũ 190.000đ 29/9/2025 | U72: x
A73: =COUNTIF($S$7:S73,S73) -> 3 | B73: Dego Cần Thơ | C73: ATP24092507 | D73: 45924 | E73: Đã duyệt | F73: ABA | G73: HH4160 | H73: GC - IV - 4160 - Japan Crop Science - Sumo Siêu Cứng (gel nâu đen) - 500ml - 30 | I73: Phân bón | J73: Vi lượng Quantity New | K73: Cùng ruột 1570 | L73: Gel nâu đen | M73: Chai | N73: 30 | O73: 20 | P73: 600 | Q73: 45936 | R73: 02CC0001V1 | S73: 45929 | T73: Cùng ruột 1570 50.500đ 25/9/2025 | U73: x
A74: =COUNTIF($S$7:S74,S74) -> 4 | B74: Dego Cần Thơ | C74: STP26092501 | D74: 45926 | F74: N2SBIO | G74: HH4027 | H74: GC - IX - 4027 - N2SBIO - N2 HYPER LOCK (Dạng SC - Trắng sữa) - 1L - 20 | I74: Phân bón | J74: LÁ PK-TRUNG LƯỢNG NBC-PHOTPHONATE | K74: N04290725 | L74: Dạng SC - Trắng sữa | M74: Chai | N74: 20 | O74: 10 | P74: 200 | Q74: 45936 | R74: 06CD0016 | S74: 45929 | T74: N04290725 285.000đ 26/9/2025 | U74: x
A75: =COUNTIF($S$7:S75,S75) -> 5 | B75: Dego Cần Thơ | C75: STP29092501 | D75: 45929 | F75: N2SBIO | G75: HH4068 | H75: N2AGRO - LÁ NK TRUNG VI LƯỢNG CÓ CHẤT ĐIỀU HÒA SINH TRƯỞNG HALO 26 - N2 HYPER CALBOR - 500ml - 40 | I75: Phân bón | J75: LÁ NK TRUNG VI LƯỢNG CÓ CHẤT ĐIỀU HÒA SINH TRƯỞNG HALO 26 | L75: Dạng SC - Vàng | M75: Chai | N75: 40 | O75: 5 | P75: 200 | Q75: 45940 | R75: Chưa có công thức từ lab | S75: 45929 | T75: Chưa có công thức KD chưa check được giá 185.000đ 29/9/2025 | U75: x | W75: 45930 | X75: chưa có ct
A76: =COUNTIF($S$7:S76,S76) -> 6 | B76: Dego Cần Thơ | C76: STP29092502 | D76: 45929 | F76: N2SBIO | G76: HH4058 | H76: N2AGRO - LÁ NK TRUNG VI LƯỢNG CÓ CHẤT ĐIỀU HÒA SINH TRƯỞNG HALO 26 - SIÊU BO SỮA - 250ml - 40 | I76: Phân bón | J76: LÁ NK TRUNG VI LƯỢNG CÓ CHẤT ĐIỀU HÒA SINH TRƯỞNG HALO 26 | L76: Dạng SC - Trắng sữa | M76: Chai | N76: 40 | O76: 10 | P76: 400 | Q76: 45940 | R76: Chưa có công thức từ lab | S76: 45929 | T76: Chưa có công thức KD chưa check được giá 120.000đ 29/9/2025 | U76: x | W76: 45930 | X76: chưa có ct
A77: =COUNTIF($S$7:S77,S77) -> 7 | B77: Dego Cần Thơ | C77: STP29092503 | D77: 45929 | F77: N2SBIO | G77: HH4067 | H77: N2AGRO - LÁ VÔ CƠ NHIỀU THÀNH PHẦN NBC-ALCROP - N2 ANTI STRESS - 500ml - 40 | I77: Phân bón | J77: LÁ VÔ CƠ NHIỀU THÀNH PHẦN NBC-ALCROP | K77: N03220825 | L77: Gel nâu đen | M77: Chai | N77: 40 | O77: 5 | P77: 200 | Q77: 45940 | R77: Chưa có công thức từ lab | S77: 45929 | T77: N03220825 chưa có công thức lab 29/9/2025 | U77: x | W77: 45930 | X77: chưa có ct
A78: =COUNTIF($S$7:S78,S78) -> 8 | B78: Dego Cần Thơ | C78: STP29092504 | D78: 45929 | F78: N2SBIO | G78: HH3903 | H78: GC - V - 3903 - N2SBIO - N2 MG ZN-70 (Nước xanh lá) - 500ml - 40 | I78: Phân bón | J78: vi lượng Phú Sĩ FJ-09 Kẽm Mg | K78: N01080825 | L78: Nước xanh lá | M78: Chai | N78: 40 | O78: 20 | P78: 800 | Q78: 45940 | R78: 23GS0002 | S78: 45929 | T78: N01080825 190.000đ 29/9/2025 | U78: x | W78: 45930 | X78: Đã có ct
A79: =COUNTIF($S$7:S79,S79) -> 9 | B79: Dego Cần Thơ | C79: ATP29092501 | D79: 45929 | E79: Đã duyệt | F79: ABA | G79: HH4175 | H79: GC - IV - 4175 - HƯƠNG NÔNG - HN Stop (Gel nâu đen) - 1L - 20 | I79: Phân bón | J79: Vi lượng Quantity New | K79: Chặn đọt V3 06CD0007 | L79: Gel nâu đen | M79: Chai | N79: 20 | O79: 5 | P79: 100 | Q79: 45936 | R79: 06CD0007 | S79: 45929 | T79: Chặn đọt V3 06CD0007 196.350đ 29/9/2025 | U79: x
A80: =COUNTIF($S$7:S80,S80) -> 10 | B80: Dego Cần Thơ | C80: ATP29092502 | D80: 45929 | E80: Đã duyệt | F80: ABA | G80: HH3877 | H80: GC - II - 3877 - GC.NANOFISH - STOP 25 (nước nâu đen) - 1L - 20 | I80: Phân bón | J80: Vi lượng Quantity New | K80: 06CD0007 CHẶN ĐỌT DÒNG V3 | L80: Nước nâu đen | M80: Chai | N80: 20 | O80: 10 | P80: 200 | Q80: 45936 | R80: 06CD0007 | S80: 45929 | T80: 06CD0007 CHẶN ĐỌT DÒNG V3 176.400đ 29/9/2025 | U80: x
A81: =COUNTIF($S$7:S81,S81) -> 11 | B81: Dego Đồng Tháp | C81: ATP27092501 | D81: 45927 | E81: Đã duyệt | F81: ABA | G81: HH4138 | H81: GC - IV - 4138 - Cty Newtex - VÔ GẠO T9 (Dạng SC - Xanh lá) - 500ml - 40 | I81: Phân bón | J81: Hỗn hợp NPK GNC 101 | K81: A03160725 | L81: Dạng SC - Xanh lá | M81: Chai | N81: 40 | O81: 10 | P81: 400 | Q81: 45936 | R81: Chưa có công thức từ lab | S81: 45929 | T81: Dạng SC - Xanh lá 75.000đ A03160725 lab chưa có công thức 29/9/2025 | U81: x | W81: 45930 | X81: chưa có CT
A82: =COUNTIF($S$7:S82,S82) -> 1 | B82: Dego Đồng Tháp | C82: ATP30092504 | D82: 45930 | E82: Đã duyệt | F82: ABA | G82: HH3962 | H82: GC - IV - 3962 - THÀNH CÔNG AGRI - MT STOP (Nước nâu đen) - 1L - 20 | I82: Phân bón | J82: Vi lượng Quantity New | K82: CHẶN ĐỌT DÒNG V2 | L82: Nước nâu đen | M82: Chai | N82: 20 | O82: 5 | P82: 100 | Q82: 45932 | R82: 06CD0009V1 | S82: 45930 | T82: CHẶN ĐỌT DÒNG V2 115.500đ 30/9/2025 | U82: x
A83: =COUNTIF($S$7:S83,S83) -> 2 | B83: Dego Cần Thơ | C83: AYC30092501 | D83: 45930 | E83: Đã duyệt | F83: ABA | G83: HH2893 | H83: GC - IV - 2893 - CTY ASAHI NHẬT BẢN - KINONE KÍCH RỄ (Nước nâu đen) - 22kg - 1 | I83: Phân bón | J83: Hữu cơ SH Agro Organic Fertilizer 20 | K83: A05291024 | L83: Nước nâu đen | M83: Can | N83: 1 | O83: 20 | P83: 20 | Q83: 45932 | R83: Hàng xử lý | S83: 45930 | T83: Hàng xử lý | U83: x
A84: =COUNTIF($S$7:S84,S84) -> 3 | B84: Dego Cần Thơ | C84: AYC30092502 | D84: 45930 | E84: Đã duyệt | F84: ABA | G84: HH2899 | H84: GC - IV - 2899 - CTY ASAHI NHẬT BẢN - ULTRA BUD (Nước nâu đen) - 22kg - 1 | I84: Phân bón | J84: Hữu cơ SH Agro Organic Fertilizer 20 | K84: A06291024 | L84: Nước nâu đen | M84: Can | N84: 1 | O84: 25 | P84: 25 | Q84: 45932 | R84: Hàng xử lý | S84: 45930 | T84: Hàng xử lý | U84: x
A85: =COUNTIF($S$7:S85,S85) -> 4 | B85: An Nông | C85: ATP30092505 | D85: 45930 | E85: Đã duyệt | F85: ABA | G85: HH2791 | H85: GC - IV - 2791 - Cty Hóa Nông Shino - VATINO SUPER 525SE (Nước cam sữa) - 250ml - 40 | I85: Thuốc trừ bệnh | J85: VATINO SUPER 525SE | K85: A01260725 | L85: Nước cam sữa | M85: Chai | N85: 40 | O85: 20 | P85: 800 | Q85: 45939 | R85: Công thức mới | S85: 45930 | U85: x
A86: =COUNTIF($S$7:S86,S86) -> 5 | B86: Dego Cần Thơ | C86: ATP30092506 | D86: 45930 | E86: Đã duyệt | F86: ABA | G86: HH3960 | H86: GC - IV - 3960 - Cty Hương Nông - HN-pH++ (Nước nâu đen) - 5L - 4 | I86: Phân bón | J86: Hữu cơ SH Agro Organic Fertilizer 20 | K86: cùng ruột 3636 | L86: Nước nâu đen | M86: Can | N86: 4 | O86: 5 | P86: 20 | Q86: 45936 | R86: 01RR0014V3 | S86: 45930 | U86: x
A87: =COUNTIF($S$7:S87,S87) -> 6 | B87: Dego Cần Thơ | C87: ITP.30092501 | D87: 45930 | F87: IDA | G87: HH4174 | H87: IDA Global - I - 4174 - STOP UP (Nước nâu đen) - 1L - 20 | I87: Phân bón | J87: Vi lượng Quantity New | L87: Nước nâu đen | M87: Chai | N87: 20 | O87: 30 | P87: 600 | R87: 06CD0009V1 | S87: 45930 | U87: x
A88: =COUNTIF($S$7:S88,S88) -> 1 | B88: Dego Cần Thơ | C88: ATP01102501 | D88: 45931 | E88: Đã duyệt | F88: ABA | G88: HH4183 | H88: CTY HƯƠNG NÔNG (A.TÙNG) - Hữu cơ SH Agro Organic Fertilizer 20 - HƯƠNG NÔNG pH++ - 5L - 4 | I88: Phân bón | J88: Hữu cơ SH Agro Organic Fertilizer 20 | K88: cùng ruột HH3960 | L88: Nước nâu đen | M88: Can | N88: 4 | O88: 5 | P88: 20 | Q88: 45936 | R88: 01RR0014V3 | S88: 45936 | U88: x
A89: =COUNTIF($S$7:S89,S89) -> 2 | B89: Dego Cần Thơ | C89: ATP01102502 | D89: 45931 | E89: Đã duyệt | F89: ABA | G89: HH4179 | H89: GC - IV - 4179 - CTY THIÊN DI - DƯỠNG CHẤT CHUYÊN DÙNG CHO SẦU RIÊNG (Nước tím đỏ) - 500ml - 40 | I89: Phân bón | J89: Hỗn Hợp NP AGAMA-AP | K89: Cùng ruột HH3160 | L89: Nước tím đỏ | M89: Chai | N89: 40 | O89: 7 | P89: 280 | Q89: 45936 | R89: 19DD0018 | S89: 45936 | U89: x
A90: =COUNTIF($S$7:S90,S90) -> 3 | B90: Dego Cần Thơ | C90: ATP01102503 | D90: 45931 | E90: Đã duyệt | F90: ABA | G90: HH4180 | H90: GC ABA - CTY THIÊN DI - A. THÀNH DOL - Vi lượng Quantity New - LỚN TRÁI MẬN THIDI PLUM MAX+ - 500ml - 40 | I90: Phân bón | J90: Vi lượng Quantity New | K90: Cùng ruột HH3112 | L90: Nước nâu đen | M90: Chai | N90: 40 | O90: 5 | P90: 200 | Q90: 45936 | R90: 04VG0028 | S90: 45936 | U90: x
A91: =COUNTIF($S$7:S91,S91) -> 1 | B91: Dego Cần Thơ | C91: ATP02102502 | D91: 45932 | E91: Đã duyệt | F91: ABA | G91: HH4044 | H91: GC - IV - 4044 - Cty Sen Hồng - ROOT+ (Gel xanh dương) - 500ml - 40 | I91: Phân bón | J91: Vi lượng AGAMA-SUPPORT | L91: Gel xanh dương | M91: Chai | N91: 40 | O91: 10 | P91: 400 | Q91: 45938 | R91: 01RR0039 | S91: 45933 | U91: x
A92: =COUNTIF($S$7:S92,S92) -> 4 | B92: Dego Cần Thơ | C92: ITP.02102501 | D92: 45932 | F92: IDA | G92: HH4075 | H92: IDA Global - I - 4075 - CỨNG CÂY 304 (Nước nâu đen) - 500ml - 40 | I92: Phân bón | J92: Hữu cơ SH Agro Organic Fertilizer 20 | L92: Nước nâu đen | M92: Chai | N92: 40 | O92: 50 | P92: 2000 | Q92: 45938 | R92: 02CC0002V1 | S92: 45936 | U92: x
A93: =COUNTIF($S$7:S93,S93) -> 5 | B93: Dego Cần Thơ | C93: ATP03102501 | D93: 45933 | E93: Đã duyệt | F93: ABA | G93: HH4040 | H93: GC - IV - 4040 - AGRITECH - AGRI STOP (Nước nâu đen) - 1L - 20 | I93: Phân bón | J93: Vi lượng Quantity New | K93: Chặn đọt dòng V2 Cùng ruột HH2667 | L93: Nước nâu đen | M93: Chai | N93: 20 | O93: 10 | P93: 200 | Q93: 45938 | R93: 06CD0009V1 | S93: 45936 | U93: x
A94: =COUNTIF($S$7:S94,S94) -> 6 | B94: Dego Cần Thơ | C94: ATP03102503 | D94: 45933 | E94: Đã duyệt | F94: ABA | G94: HH4191 | H94: GC - IV - 4191 - Cty Sen Hồng - ROOT+ (Gel xanh dương) - 500ml - 40 | I94: Phân bón | J94: Vi lượng AGAMA-SUPPORT | L94: Gel xanh dương | M94: Chai | N94: 40 | O94: 10 | P94: 400 | Q94: 45938 | R94: 01RR0039 | S94: 45936 | U94: x
A95: =COUNTIF($S$7:S95,S95) -> 7 | B95: Dego Cần Thơ | C95: ATP04102502 | D95: 45934 | E95: Đã duyệt | F95: ABA | G95: HH4182 | H95: GC - IV - 4182 - Hóa Nông Shino - CANXI BO (Nước trắng sữa) - 500ml - 30 | I95: Phân bón | J95: Vi lượng AGAMA-CANXI BO | K95: A02160725 | L95: Nước trắng sữa | M95: Chai | N95: 30 | O95: 10 | P95: 300 | Q95: 45945 | R95: 10CR0021 | S95: 45936 | U95: x
A96: =COUNTIF($S$7:S96,S96) -> 8 | B96: Dego Cần Thơ | C96: ITP.01102503 | D96: 45931 | F96: DEGO | G96: HH2927 | H96: IDA Global - I - 2927 - IDA ORGANIC FEED (Nước nâu đen) - 5L - 4 | I96: Phân bón | J96: Hữu cơ SH Agro Organic Fertilizer 20 | L96: Nước nâu đen | M96: Can | N96: 4 | O96: 5 | P96: 20 | Q96: 45938 | R96: 01RR0025 | S96: 45936 | U96: x
A97: =COUNTIF($S$7:S97,S97) -> 9 | B97: Dego Cần Thơ | C97: ATP03102502 | D97: 45933 | E97: Đã duyệt | F97: ABA | G97: HH4060 | H97: GC - IV - 4060 - AGRITECH - NUTI ROOTS 02 (Nước nâu đen) - 500ml - 40 | I97: Phân bón | J97: Hỗn Hợp NP AGAMA-AP | K97: A20280225 | L97: Nước nâu đen | M97: Chai | N97: 40 | O97: 10 | P97: 400 | Q97: 45938 | R97: 01RR0050 | S97: 45936 | U97: x
A98: =COUNTIF($S$7:S98,S98) -> 10 | B98: Dego Cần Thơ | C98: STP29092501 | D98: 45929 | F98: N2SBIO | G98: HH4068 | H98: N2AGRO - LÁ NK TRUNG VI LƯỢNG CÓ CHẤT ĐIỀU HÒA SINH TRƯỞNG HALO 26 - N2 HYPER CALBOR - 500ml - 40 | I98: Phân bón | J98: LÁ NK TRUNG VI LƯỢNG CÓ CHẤT ĐIỀU HÒA SINH TRƯỞNG HALO 26 | L98: Dạng SC - Vàng | M98: Chai | N98: 40 | O98: 5 | P98: 200 | Q98: 45940 | R98: Chưa có công thức từ lab | S98: 45936 | T98: Chưa có công thức KD chưa check được giá 185.000đ 29/9/2025 | U98: x | W98: 45930 | X98: chưa có ct
A99: =COUNTIF($S$7:S99,S99) -> 11 | B99: Dego Cần Thơ | C99: STP29092502 | D99: 45929 | F99: N2SBIO | G99: HH4058 | H99: N2AGRO - LÁ NK TRUNG VI LƯỢNG CÓ CHẤT ĐIỀU HÒA SINH TRƯỞNG HALO 26 - SIÊU BO SỮA - 250ml - 40 | I99: Phân bón | J99: LÁ NK TRUNG VI LƯỢNG CÓ CHẤT ĐIỀU HÒA SINH TRƯỞNG HALO 26 | L99: Dạng SC - Trắng sữa | M99: Chai | N99: 40 | O99: 10 | P99: 400 | Q99: 45940 | R99: Chưa có công thức từ lab | S99: 45936 | T99: Chưa có công thức KD chưa check được giá 120.000đ 29/9/2025 | U99: x | W99: 45930 | X99: chưa có ct
A100: =COUNTIF($S$7:S100,S100) -> 12 | B100: Dego Cần Thơ | C100: ITP.04102501 | D100: 45934 | F100: BAMBOO | G100: HH3924 | H100: BAMBOO - VI - 3924 - BAMBOO MG KẼM (nước xanh lá sữa) - 500ml - 40 | I100: Phân bón | J100: vi lượng Phú Sĩ FJ-09 Kẽm Mg | L100: Nước xanh lá sữa | M100: Chai | N100: 40 | O100: 10 | P100: 400 | Q100: 45940 | R100: 13XL0017 | S100: 45936 | T100: Check giá công thức cũ 190.000đ 6/10/2025 | U100: x
A101: =COUNTIF($S$7:S101,S101) -> 13 | B101: Dego Cần Thơ | C101: ATP06102506 | D101: 45936 | E101: Đã duyệt | F101: ABA | G101: HH4181 | H101: GC - IV - 4181 - THÀNH CÔNG AGRI - UT-STOP 25 (Nước nâu đen) - 500ml - 30 | I101: Phân bón | J101: Vi lượng Quantity New | K101: Chăn đọt dòng V3 cùng ruột 3877. | L101: Nước nâu đen | M101: Chai | N101: 30 | O101: 20 | P101: 600 | Q101: 45944 | R101: 06CD0007 | S101: 45936 | T101: Chăn đọt dòng V3 cùng ruột 3877. 90.825đ 6/10/2025 | U101: x
...

Sheet 4. DEGO CẦN THO
B1: Dego Cần Thơ
A3: STT | B3: NCC đề xuất | C3: Mã đơn đặt hàng (po) | D3: Ngày yêu cầu | E3: Trạng thái kiểm duyệt nhãn | F3: Thương hiệu | G3: Mã Hàng | H3: Tên hàng | I3: Phân loại | J3: Tên pháp lý | K3: Công thức | L3: Màu btp | M3: ĐVT | N3: Quy cách thùng | O3: SLTP/Thùng | P3: Sl thành phẩm (gồm khuyến mãi) | Q3: Ngày yêu cầu sẵn kho NCC | R3: SL mẫu kinh doanh cần | S3: Yêu cầu khác | T3: Vật tư khác (Ngoài chai, túi, nhãn, thùng, NDT) | U3: NVL khách mang qua (ghi rõ chi tiết) | V3: Số ngày sản xuất | W3: Thông tin khách hàng | Y3: NCC sản xuất thực tế | Z3: Trạng thái đơn | AA3: Ngày NCC xác nhận đủ NVL | AB3: Diễn giải biến động kế hoạch sản xuất | AC3: số lượng chưa sx đơn vị chai/gói/can | AD3: Số lượng thành phẩm đủ nvl sản xuất | AE3: Ngày sẵn kho NCC | AF3: Lệnh sx | AG3: Ngày lần 1 | AH3: Sl lần 1 | AI3: Ngày lần 2 | AJ3: Sl lần 2 | AK3: Ngày lần 3 | AL3: Sl lần 3 | AM3: Thành phẩm sẵn kho NCC chưa nhận | AO3: Kế hoạch số lượng nhận | AP3: Kế hoạch ngày nhận | AQ3: Xe + tài xế nhận | AR3: Số lô | AS3: Date | AT3: Phiếu xuất kho | AU3: Sl đã nhận | AV3: Lịch sử nhận hàng | AW3: SL còn lại sẵn kho ncc/ thùng = Tổng sl đã SX của NM - SL đã nhận | AX3: Ghi chú nhận hàng của điều phối | AZ3: Lab kiểm mẫu trước khi giao hàng | BA3: Đủ điều kiện gửi đơn NCC | BB3: VTBB Yến Ly | BC3: Ngày duyệt | BD3: QLSX Ngân | BE3: Ngày duyệt | BF3: Xử lí giá vốn Hương | BG3: Ghi chú
A4: =IFERROR(__xludf.DUMMYFUNCTION("FILTER('TỔNG'!A$10:$BG999,'TỔNG'!$B10:$B999=B1)"),7.0) -> 7 | B4: =IFERROR(__xludf.DUMMYFUNCTION("""COMPUTED_VALUE"""),"Dego Cần Thơ") -> Dego Cần Thơ | C4: =IFERROR(__xludf.DUMMYFUNCTION("""COMPUTED_VALUE"""),"IYC.300102504") -> IYC.300102504 | D4: =IFERROR(__xludf.DUMMYFUNCTION("""COMPUTED_VALUE"""),45960.0) -> 45960 | F4: =IFERROR(__xludf.DUMMYFUNCTION("""COMPUTED_VALUE"""),"BAMBOO") -> BAMBOO | G4: =IFERROR(__xludf.DUMMYFUNCTION("""COMPUTED_VALUE"""),"HH3790") -> HH3790 | H4: =IFERROR(__xludf.DUMMYFUNCTION("""COMPUTED_VALUE"""),"BAMBOO - VI - 3790 - BAMBOO CANXI BO MASTER (Nước trắng sữa) - 1L - 20") -> BAMBOO - VI - 3790 - BAMBOO CANXI BO MASTER (Nước trắng sữa) - 1L - 20 | I4: =IFERROR(__xludf.DUMMYFUNCTION("""COMPUTED_VALUE"""),"Phân bón") -> Phân bón | J4: =IFERROR(__xludf.DUMMYFUNCTION("""COMPUTED_VALUE"""),"Vi lượng AGAMA-CANXI BO") -> Vi lượng AGAMA-CANXI BO | K4: =IFERROR(__xludf.DUMMYFUNCTION("""COMPUTED_VALUE"""),"đóng như đơn gần nhất") -> đóng như đơn gần nhất | L4: =IFERROR(__xludf.DUMMYFUNCTION("""COMPUTED_VALUE"""),"Nước trắng sữa") -> Nước trắng sữa | M4: =IFERROR(__xludf.DUMMYFUNCTION("""COMPUTED_VALUE"""),"Chai") -> Chai | N4: =IFERROR(__xludf.DUMMYFUNCTION("""COMPUTED_VALUE"""),20.0) -> 20 | O4: =IFERROR(__xludf.DUMMYFUNCTION("""COMPUTED_VALUE"""),71.0) -> 71 | P4: =IFERROR(__xludf.DUMMYFUNCTION("""COMPUTED_VALUE"""),1419.0) -> 1419 | Q4: =IFERROR(__xludf.DUMMYFUNCTION("""COMPUTED_VALUE"""),45991.0) -> 45991 | R4: =IFERROR(__xludf.DUMMYFUNCTION("""COMPUTED_VALUE"""),"x") -> x | S4: =IFERROR(__xludf.DUMMYFUNCTION("""COMPUTED_VALUE"""),"yêu cầu xử lý lại hàng lỗi") -> yêu cầu xử lý lại hàng lỗi | T4: =IFERROR(__xludf.DUMMYFUNCTION("""COMPUTED_VALUE"""),"x") -> x | U4: =IFERROR(__xludf.DUMMYFUNCTION("""COMPUTED_VALUE"""),"x") -> x | V4: =IFERROR(__xludf.DUMMYFUNCTION("""COMPUTED_VALUE"""),31.0) -> 31 | W4: =IFERROR(__xludf.DUMMYFUNCTION("""COMPUTED_VALUE"""),"x - Giá bán 250000 - Ngày dự kiến thu tiền: x - Dự kiến ngày ra hết hàng: 30 ngày") -> x - Giá bán 250000 - Ngày dự kiến thu tiền: x - Dự kiến ngày ra hết hàng: 30 ngày | Y4: =IFERROR(__xludf.DUMMYFUNCTION("""COMPUTED_VALUE"""),"Dego Cần Thơ") -> Dego Cần Thơ | Z4: =IFERROR(__xludf.DUMMYFUNCTION("""COMPUTED_VALUE"""),"Bổ sung Pháp lý") -> Bổ sung Pháp lý | AB4: =IFERROR(__xludf.DUMMYFUNCTION("""COMPUTED_VALUE"""),"- Đổ thu BTP, trộn đều theo phương án của lab - Khi BTP ổn định trích mẫu sau trộn đem test hàm lượng -> chờ KQ test để xử lý đồng nhất màu - Đóng thay chai, nhãn mã HH3790, nắp, thùng - Đóng lại date cũ: 07/08/2025 + L02 chưa có phương án") -> - Đổ thu BTP, trộn đều theo phương án của lab - Khi BTP ổn định trích mẫu sau trộn đem test hàm lượng -> chờ KQ test để xử lý đồng nhất màu - Đóng thay chai, nhãn mã HH3790, nắp, thùng - Đóng lại date cũ: 07/08/2025 + L02 chưa có phương án | AC4: =IFERROR(__xludf.DUMMYFUNCTION("""COMPUTED_VALUE"""),458.0) -> 458 | AD4: =IFERROR(__xludf.DUMMYFUNCTION("""COMPUTED_VALUE"""),961.0) -> 961 | AE4: =IFERROR(__xludf.DUMMYFUNCTION("""COMPUTED_VALUE"""),"đã bàn giao cho nhà máy 23/05") -> đã bàn giao cho nhà máy 23/05 | AF4: =IFERROR(__xludf.DUMMYFUNCTION("""COMPUTED_VALUE"""),"") | AX4: =IFERROR(__xludf.DUMMYFUNCTION("""COMPUTED_VALUE"""),"Đang đóng") -> Đang đóng | AZ4: =IFERROR(__xludf.DUMMYFUNCTION("""COMPUTED_VALUE"""),"#REF!") -> #REF! | BA4: =IFERROR(__xludf.DUMMYFUNCTION("""COMPUTED_VALUE"""),"Đủ điều kiện") -> Đủ điều kiện | BB4: =IFERROR(__xludf.DUMMYFUNCTION("""COMPUTED_VALUE"""),"Hàng xử ly lại") -> Hàng xử ly lại | BD4: =IFERROR(__xludf.DUMMYFUNCTION("""COMPUTED_VALUE"""),"Hàng xử ly lại") -> Hàng xử ly lại | BF4: =IFERROR(__xludf.DUMMYFUNCTION("""COMPUTED_VALUE"""),"Hàng xử lý lại") -> Hàng xử lý lại | BG4: =IFERROR(__xludf.DUMMYFUNCTION("""COMPUTED_VALUE"""),"IYC.300102504 yêu cầu xử lý lại hàng lỗi 30/10/2025") -> IYC.300102504 yêu cầu xử lý lại hàng lỗi 30/10/2025
A5: =IFERROR(__xludf.DUMMYFUNCTION("""COMPUTED_VALUE"""),8.0) -> 8 | B5: =IFERROR(__xludf.DUMMYFUNCTION("""COMPUTED_VALUE"""),"Dego Cần Thơ") -> Dego Cần Thơ | C5: =IFERROR(__xludf.DUMMYFUNCTION("""COMPUTED_VALUE"""),"SYC31102503") -> SYC31102503 | D5: =IFERROR(__xludf.DUMMYFUNCTION("""COMPUTED_VALUE"""),45961.0) -> 45961 | F5: =IFERROR(__xludf.DUMMYFUNCTION("""COMPUTED_VALUE"""),"N2SBIO") -> N2SBIO | G5: =IFERROR(__xludf.DUMMYFUNCTION("""COMPUTED_VALUE"""),"HH4068") -> HH4068 | H5: =IFERROR(__xludf.DUMMYFUNCTION("""COMPUTED_VALUE"""),"GC - IX - 4068 - N2SBIO - N2 HYPER CALBOR (Dạng SC - Vàng) - 500ml - 40") -> GC - IX - 4068 - N2SBIO - N2 HYPER CALBOR (Dạng SC - Vàng) - 500ml - 40 | I5: =IFERROR(__xludf.DUMMYFUNCTION("""COMPUTED_VALUE"""),"Phân bón") -> Phân bón | J5: =IFERROR(__xludf.DUMMYFUNCTION("""COMPUTED_VALUE"""),"Lá NK Trung Vi Lượng Có Chất Điều Hòa Sinh Trưởng Halo 26") -> Lá NK Trung Vi Lượng Có Chất Điều Hòa Sinh Trưởng Halo 26 | K5: =IFERROR(__xludf.DUMMYFUNCTION("""COMPUTED_VALUE"""),"N01220825") -> N01220825 | L5: =IFERROR(__xludf.DUMMYFUNCTION("""COMPUTED_VALUE"""),"Dạng SC - Vàng") -> Dạng SC - Vàng | M5: =IFERROR(__xludf.DUMMYFUNCTION("""COMPUTED_VALUE"""),"Chai") -> Chai | N5: =IFERROR(__xludf.DUMMYFUNCTION("""COMPUTED_VALUE"""),40.0) -> 40 | O5: =IFERROR(__xludf.DUMMYFUNCTION("""COMPUTED_VALUE"""),4.9) -> 4.9 | P5: =IFERROR(__xludf.DUMMYFUNCTION("""COMPUTED_VALUE"""),196.0) -> 196 | Q5: =IFERROR(__xludf.DUMMYFUNCTION("""COMPUTED_VALUE"""),45968.0) -> 45968 | R5: =IFERROR(__xludf.DUMMYFUNCTION("""COMPUTED_VALUE"""),"x") -> x | S5: =IFERROR(__xludf.DUMMYFUNCTION("""COMPUTED_VALUE"""),"x") -> x | T5: =IFERROR(__xludf.DUMMYFUNCTION("""COMPUTED_VALUE"""),"x") -> x | U5: =IFERROR(__xludf.DUMMYFUNCTION("""COMPUTED_VALUE"""),"x") -> x | V5: =IFERROR(__xludf.DUMMYFUNCTION("""COMPUTED_VALUE"""),7.0) -> 7 | W5: =IFERROR(__xludf.DUMMYFUNCTION("""COMPUTED_VALUE""")," - Giá bán 185000 - Ngày dự kiến thu tiền: - Dự kiến ngày ra hết hàng: 30 ngày") -> - Giá bán 185000 - Ngày dự kiến thu tiền: - Dự kiến ngày ra hết hàng: 30 ngày | Y5: =IFERROR(__xludf.DUMMYFUNCTION("""COMPUTED_VALUE"""),"Dego Cần Thơ") -> Dego Cần Thơ | Z5: =IFERROR(__xludf.DUMMYFUNCTION("""COMPUTED_VALUE"""),"Chưa có lịch SX") -> Chưa có lịch SX | AB5: =IFERROR(__xludf.DUMMYFUNCTION("""COMPUTED_VALUE"""),"- Đổ thu BTP, phối lại - Đóng thay chai, nhãn, nắp, thùng (nếu thùng bị dơ, báo lại số lượng thùng dơ nếu có) - Đóng lại date cũ: 13/10/2025 + L02 chưa có phương án ") -> - Đổ thu BTP, phối lại - Đóng thay chai, nhãn, nắp, thùng (nếu thùng bị dơ, báo lại số lượng thùng dơ nếu có) - Đóng lại date cũ: 13/10/2025 + L02 chưa có phương án | AC5: =IFERROR(__xludf.DUMMYFUNCTION("""COMPUTED_VALUE"""),196.0) -> 196 | AE5: =IFERROR(__xludf.DUMMYFUNCTION("""COMPUTED_VALUE"""),"đã bàn giao cho nhà máy 23/05") -> đã bàn giao cho nhà máy 23/05 | AF5: =IFERROR(__xludf.DUMMYFUNCTION("""COMPUTED_VALUE"""),"") | AX5: =IFERROR(__xludf.DUMMYFUNCTION("""COMPUTED_VALUE"""),"Xử lý gì") -> Xử lý gì | AZ5: =IFERROR(__xludf.DUMMYFUNCTION("""COMPUTED_VALUE"""),"#REF!") -> #REF! | BA5: =IFERROR(__xludf.DUMMYFUNCTION("""COMPUTED_VALUE"""),"Đủ điều kiện") -> Đủ điều kiện | BB5: =IFERROR(__xludf.DUMMYFUNCTION("""COMPUTED_VALUE"""),"Hàng xử ly lại") -> Hàng xử ly lại | BD5: =IFERROR(__xludf.DUMMYFUNCTION("""COMPUTED_VALUE"""),"Duyệt") -> Duyệt | BF5: =IFERROR(__xludf.DUMMYFUNCTION("""COMPUTED_VALUE"""),"Hàng xử lý lại") -> Hàng xử lý lại | BG5: =IFERROR(__xludf.DUMMYFUNCTION("""COMPUTED_VALUE"""),"SYC31102503 31/10/2025") -> SYC31102503 31/10/2025
A6: =IFERROR(__xludf.DUMMYFUNCTION("""COMPUTED_VALUE"""),11.0) -> 11 | B6: =IFERROR(__xludf.DUMMYFUNCTION("""COMPUTED_VALUE"""),"Dego Cần Thơ") -> Dego Cần Thơ | C6: =IFERROR(__xludf.DUMMYFUNCTION("""COMPUTED_VALUE"""),"ATP24122511") -> ATP24122511 | D6: =IFERROR(__xludf.DUMMYFUNCTION("""COMPUTED_VALUE"""),46015.0) -> 46015 | E6: =IFERROR(__xludf.DUMMYFUNCTION("""COMPUTED_VALUE"""),"Đã duyệt") -> Đã duyệt | F6: =IFERROR(__xludf.DUMMYFUNCTION("""COMPUTED_VALUE"""),"ABA") -> ABA | G6: =IFERROR(__xludf.DUMMYFUNCTION("""COMPUTED_VALUE"""),"MAU3123") -> MAU3123 | H6: =IFERROR(__xludf.DUMMYFUNCTION("""COMPUTED_VALUE"""),"Mẫu CHẶN ĐỌT V3 - SICAK TOP - 1L - 20") -> Mẫu CHẶN ĐỌT V3 - SICAK TOP - 1L - 20 | I6: =IFERROR(__xludf.DUMMYFUNCTION("""COMPUTED_VALUE"""),"Phân bón") -> Phân bón | J6: =IFERROR(__xludf.DUMMYFUNCTION("""COMPUTED_VALUE"""),"SICAK TOP") -> SICAK TOP | K6: =IFERROR(__xludf.DUMMYFUNCTION("""COMPUTED_VALUE"""),"A06290925") -> A06290925 | L6: =IFERROR(__xludf.DUMMYFUNCTION("""COMPUTED_VALUE"""),"Nước nâu đen") -> Nước nâu đen | M6: =IFERROR(__xludf.DUMMYFUNCTION("""COMPUTED_VALUE"""),"Chai") -> Chai | N6: =IFERROR(__xludf.DUMMYFUNCTION("""COMPUTED_VALUE"""),20.0) -> 20 | O6: =IFERROR(__xludf.DUMMYFUNCTION("""COMPUTED_VALUE"""),6.0) -> 6 | P6: =IFERROR(__xludf.DUMMYFUNCTION("""COMPUTED_VALUE"""),120.0) -> 120 | Q6: =IFERROR(__xludf.DUMMYFUNCTION("""COMPUTED_VALUE"""),46031.0) -> 46031 | S6: =IFERROR(__xludf.DUMMYFUNCTION("""COMPUTED_VALUE"""),"lấy chẳn thùng Nhãn in trắng đén nhờ nhà máy in giúp") -> lấy chẳn thùng Nhãn in trắng đén nhờ nhà máy in giúp | W6: =IFERROR(__xludf.DUMMYFUNCTION("""COMPUTED_VALUE"""),"WINDY - Giá bán Giá bổ sung sau - Ngày dự kiến thu tiền: 30 ngày - Dự kiến ngày ra hết hàng: ") -> WINDY - Giá bán Giá bổ sung sau - Ngày dự kiến thu tiền: 30 ngày - Dự kiến ngày ra hết hàng: | Y6: =IFERROR(__xludf.DUMMYFUNCTION("""COMPUTED_VALUE"""),"Dego Cần Thơ") -> Dego Cần Thơ | Z6: =IFERROR(__xludf.DUMMYFUNCTION("""COMPUTED_VALUE"""),"Hàng sẵn kho") -> Hàng sẵn kho | AC6: =IFERROR(__xludf.DUMMYFUNCTION("""COMPUTED_VALUE"""),22.0) -> 22 | AD6: =IFERROR(__xludf.DUMMYFUNCTION("""COMPUTED_VALUE"""),98.0) -> 98 | AE6: =IFERROR(__xludf.DUMMYFUNCTION("""COMPUTED_VALUE"""),"đã bàn giao cho nhà máy 23/05") -> đã bàn giao cho nhà máy 23/05 | AF6: =IFERROR(__xludf.DUMMYFUNCTION("""COMPUTED_VALUE"""),"") | AG6: =IFERROR(__xludf.DUMMYFUNCTION("""COMPUTED_VALUE"""),46032.0) -> 46032 | AH6: =IFERROR(__xludf.DUMMYFUNCTION("""COMPUTED_VALUE"""),"98") -> 98 | AM6: =IFERROR(__xludf.DUMMYFUNCTION("""COMPUTED_VALUE"""),43.0) -> 43 | AR6: =IFERROR(__xludf.DUMMYFUNCTION("""COMPUTED_VALUE"""),911225.0) -> 911225 | AS6: =IFERROR(__xludf.DUMMYFUNCTION("""COMPUTED_VALUE"""),46032.0) -> 46032 | AU6: =IFERROR(__xludf.DUMMYFUNCTION("""COMPUTED_VALUE"""),55.0) -> 55 | AV6: =IFERROR(__xludf.DUMMYFUNCTION("""COMPUTED_VALUE"""),"13/01/2026 đã nhận 2t 12/02/2026 đã nhận 15 chai") -> 13/01/2026 đã nhận 2t 12/02/2026 đã nhận 15 chai | AZ6: =IFERROR(__xludf.DUMMYFUNCTION("""COMPUTED_VALUE"""),"#REF!") -> #REF! | BA6: =IFERROR(__xludf.DUMMYFUNCTION("""COMPUTED_VALUE"""),"Đủ điều kiện") -> Đủ điều kiện | BB6: =IFERROR(__xludf.DUMMYFUNCTION("""COMPUTED_VALUE"""),"Duyệt") -> Duyệt | BC6: =IFERROR(__xludf.DUMMYFUNCTION("""COMPUTED_VALUE"""),46029.0) -> 46029 | BD6: =IFERROR(__xludf.DUMMYFUNCTION("""COMPUTED_VALUE"""),"Duyệt") -> Duyệt | BE6: =IFERROR(__xludf.DUMMYFUNCTION("""COMPUTED_VALUE"""),"xlg 25/12") -> xlg 25/12 | BF6: =IFERROR(__xludf.DUMMYFUNCTION("""COMPUTED_VALUE"""),"Đã xử lí giá") -> Đã xử lí giá | BG6: =IFERROR(__xludf.DUMMYFUNCTION("""COMPUTED_VALUE"""),"A06290925 Bổ sung giá sau 24/12/2025") -> A06290925 Bổ sung giá sau 24/12/2025
A7: =IFERROR(__xludf.DUMMYFUNCTION("""COMPUTED_VALUE"""),17.0) -> 17 | B7: =IFERROR(__xludf.DUMMYFUNCTION("""COMPUTED_VALUE"""),"Dego Cần Thơ") -> Dego Cần Thơ | C7: =IFERROR(__xludf.DUMMYFUNCTION("""COMPUTED_VALUE"""),"XYC06032601") -> XYC06032601 | D7: =IFERROR(__xludf.DUMMYFUNCTION("""COMPUTED_VALUE"""),46087.0) -> 46087 | F7: =IFERROR(__xludf.DUMMYFUNCTION("""COMPUTED_VALUE"""),"Dr.Xanh") -> Dr.Xanh | G7: =IFERROR(__xludf.DUMMYFUNCTION("""COMPUTED_VALUE"""),"HH4671") -> HH4671 | H7: =IFERROR(__xludf.DUMMYFUNCTION("""COMPUTED_VALUE"""),"DR.XANH - VIII - 4671 - DR.RICE (Nước hồng sữa) - 500ml - 40") -> DR.XANH - VIII - 4671 - DR.RICE (Nước hồng sữa) - 500ml - 40 | I7: =IFERROR(__xludf.DUMMYFUNCTION("""COMPUTED_VALUE"""),"Phân bón") -> Phân bón | J7: =IFERROR(__xludf.DUMMYFUNCTION("""COMPUTED_VALUE"""),"NPK vi lượng Massive Blue") -> NPK vi lượng Massive Blue | K7: =IFERROR(__xludf.DUMMYFUNCTION("""COMPUTED_VALUE"""),"X02080325") -> X02080325 | L7: =IFERROR(__xludf.DUMMYFUNCTION("""COMPUTED_VALUE"""),"Màu hồng sữa") -> Màu hồng sữa | M7: =IFERROR(__xludf.DUMMYFUNCTION("""COMPUTED_VALUE"""),"chai") -> chai | N7: =IFERROR(__xludf.DUMMYFUNCTION("""COMPUTED_VALUE"""),40.0) -> 40 | O7: =IFERROR(__xludf.DUMMYFUNCTION("""COMPUTED_VALUE"""),3.625) -> 3.625 | P7: =IFERROR(__xludf.DUMMYFUNCTION("""COMPUTED_VALUE"""),145.0) -> 145 | Q7: =IFERROR(__xludf.DUMMYFUNCTION("""COMPUTED_VALUE"""),46105.0) -> 46105 | S7: =IFERROR(__xludf.DUMMYFUNCTION("""COMPUTED_VALUE"""),"Thu hồi xử lý lại do SP bị tách lớp") -> Thu hồi xử lý lại do SP bị tách lớp | W7: =IFERROR(__xludf.DUMMYFUNCTION("""COMPUTED_VALUE""")," - Giá bán 160000 - Ngày dự kiến thu tiền: 30 ngày - Dự kiến ngày ra hết hàng: ") -> - Giá bán 160000 - Ngày dự kiến thu tiền: 30 ngày - Dự kiến ngày ra hết hàng: | Y7: =IFERROR(__xludf.DUMMYFUNCTION("""COMPUTED_VALUE"""),"Dego Cần Thơ") -> Dego Cần Thơ | Z7: =IFERROR(__xludf.DUMMYFUNCTION("""COMPUTED_VALUE"""),"Đã có lịch SX") -> Đã có lịch SX | AB7: =IFERROR(__xludf.DUMMYFUNCTION("""COMPUTED_VALUE"""),"- Đổ thu BTP mã HH3557, phối lại - Thay chai, nắp, nhãn, thùng mã mới HH4671 - Đóng lại date cũ: 21/04/2025 - LSX +L02") -> - Đổ thu BTP mã HH3557, phối lại - Thay chai, nắp, nhãn, thùng mã mới HH4671 - Đóng lại date cũ: 21/04/2025 - LSX +L02 | AC7: =IFERROR(__xludf.DUMMYFUNCTION("""COMPUTED_VALUE"""),145.0) -> 145 | AE7: =IFERROR(__xludf.DUMMYFUNCTION("""COMPUTED_VALUE"""),"đã bàn giao cho nhà máy 23/05") -> đã bàn giao cho nhà máy 23/05 | AF7: =IFERROR(__xludf.DUMMYFUNCTION("""COMPUTED_VALUE"""),"") | AZ7: =IFERROR(__xludf.DUMMYFUNCTION("""COMPUTED_VALUE"""),"#REF!") -> #REF! | BA7: =IFERROR(__xludf.DUMMYFUNCTION("""COMPUTED_VALUE"""),"Đủ điều kiện") -> Đủ điều kiện | BB7: =IFERROR(__xludf.DUMMYFUNCTION("""COMPUTED_VALUE"""),"Duyệt") -> Duyệt | BD7: =IFERROR(__xludf.DUMMYFUNCTION("""COMPUTED_VALUE"""),"Duyệt") -> Duyệt | BE7: =IFERROR(__xludf.DUMMYFUNCTION("""COMPUTED_VALUE"""),"xlg 06/03 18/03") -> xlg 06/03 18/03 | BF7: =IFERROR(__xludf.DUMMYFUNCTION("""COMPUTED_VALUE"""),"Hàng xử lý lại") -> Hàng xử lý lại | BG7: =IFERROR(__xludf.DUMMYFUNCTION("""COMPUTED_VALUE"""),"XYC06032601 X02080325 Màu hồng sữa Thu hồi xử lý lại do SP bị tách lớp 6/3/2026") -> XYC06032601 X02080325 Màu hồng sữa Thu hồi xử lý lại do SP bị tách lớp 6/3/2026
A8: =IFERROR(__xludf.DUMMYFUNCTION("""COMPUTED_VALUE"""),18.0) -> 18 | B8: =IFERROR(__xludf.DUMMYFUNCTION("""COMPUTED_VALUE"""),"Dego Cần Thơ") -> Dego Cần Thơ | C8: =IFERROR(__xludf.DUMMYFUNCTION("""COMPUTED_VALUE"""),"SYC07032601") -> SYC07032601 | D8: =IFERROR(__xludf.DUMMYFUNCTION("""COMPUTED_VALUE"""),46088.0) -> 46088 | F8: =IFERROR(__xludf.DUMMYFUNCTION("""COMPUTED_VALUE"""),"N2SBIO") -> N2SBIO | G8: =IFERROR(__xludf.DUMMYFUNCTION("""COMPUTED_VALUE"""),"HH4058") -> HH4058 | H8: =IFERROR(__xludf.DUMMYFUNCTION("""COMPUTED_VALUE"""),"GC - IX - 4058 - N2SBIO - SIÊU BO SỮA (Dạng SC - Trắng sữa) - 250ml - 40") -> GC - IX - 4058 - N2SBIO - SIÊU BO SỮA (Dạng SC - Trắng sữa) - 250ml - 40 | I8: =IFERROR(__xludf.DUMMYFUNCTION("""COMPUTED_VALUE"""),"Phân bón") -> Phân bón | J8: =IFERROR(__xludf.DUMMYFUNCTION("""COMPUTED_VALUE"""),"Lá Vi Lượng NBC-BO.15") -> Lá Vi Lượng NBC-BO.15 | K8: =IFERROR(__xludf.DUMMYFUNCTION("""COMPUTED_VALUE"""),"N01190825") -> N01190825 | L8: =IFERROR(__xludf.DUMMYFUNCTION("""COMPUTED_VALUE"""),"Dạng SC - Trắng sữa") -> Dạng SC - Trắng sữa | M8: =IFERROR(__xludf.DUMMYFUNCTION("""COMPUTED_VALUE"""),"Chai") -> Chai | N8: =IFERROR(__xludf.DUMMYFUNCTION("""COMPUTED_VALUE"""),40.0) -> 40 | O8: =IFERROR(__xludf.DUMMYFUNCTION("""COMPUTED_VALUE"""),97.25) -> 97.25 | P8: =IFERROR(__xludf.DUMMYFUNCTION("""COMPUTED_VALUE"""),3890.0) -> 3890 | Q8: =IFERROR(__xludf.DUMMYFUNCTION("""COMPUTED_VALUE"""),46097.0) -> 46097 | R8: =IFERROR(__xludf.DUMMYFUNCTION("""COMPUTED_VALUE"""),"x") -> x | S8: =IFERROR(__xludf.DUMMYFUNCTION("""COMPUTED_VALUE"""),"x") -> x | T8: =IFERROR(__xludf.DUMMYFUNCTION("""COMPUTED_VALUE"""),"x") -> x | U8: =IFERROR(__xludf.DUMMYFUNCTION("""COMPUTED_VALUE"""),"x") -> x | V8: =IFERROR(__xludf.DUMMYFUNCTION("""COMPUTED_VALUE"""),7.0) -> 7 | W8: =IFERROR(__xludf.DUMMYFUNCTION("""COMPUTED_VALUE""")," - Giá bán 120.000 đ - Ngày dự kiến thu tiền: - Dự kiến ngày ra hết hàng: ") -> - Giá bán 120.000 đ - Ngày dự kiến thu tiền: - Dự kiến ngày ra hết hàng: | Y8: =IFERROR(__xludf.DUMMYFUNCTION("""COMPUTED_VALUE"""),"Dego Cần Thơ") -> Dego Cần Thơ | Z8: =IFERROR(__xludf.DUMMYFUNCTION("""COMPUTED_VALUE"""),"Chưa có lịch SX") -> Chưa có lịch SX | AB8: =IFERROR(__xludf.DUMMYFUNCTION("""COMPUTED_VALUE"""),"ĐÃ có ct 7/4 Đổ thu BTP, phối lại - Thay chai, nắp, nhãn, thùng - Đóng lại date cũ (phải đóng đúng số lượng date đã trả về) + date 07/02: 1198 chai + date 03/02: 399 chai + date 29/01: 1080 chai + date 24/02: 1213 chai - LSX +L02") -> ĐÃ có ct 7/4 Đổ thu BTP, phối lại - Thay chai, nắp, nhãn, thùng - Đóng lại date cũ (phải đóng đúng số lượng date đã trả về) + date 07/02: 1198 chai + date 03/02: 399 chai + date 29/01: 1080 chai + date 24/02: 1213 chai - LSX +L02 | AC8: =IFERROR(__xludf.DUMMYFUNCTION("""COMPUTED_VALUE"""),3890.0) -> 3890 | AE8: =IFERROR(__xludf.DUMMYFUNCTION("""COMPUTED_VALUE"""),"đã bàn giao cho nhà máy 23/05") -> đã bàn giao cho nhà máy 23/05 | AF8: =IFERROR(__xludf.DUMMYFUNCTION("""COMPUTED_VALUE"""),"") | AZ8: =IFERROR(__xludf.DUMMYFUNCTION("""COMPUTED_VALUE"""),"#REF!") -> #REF! | BA8: =IFERROR(__xludf.DUMMYFUNCTION("""COMPUTED_VALUE"""),"Đủ điều kiện") -> Đủ điều kiện | BB8: =IFERROR(__xludf.DUMMYFUNCTION("""COMPUTED_VALUE"""),"Duyệt") -> Duyệt | BC8: =IFERROR(__xludf.DUMMYFUNCTION("""COMPUTED_VALUE"""),46095.0) -> 46095 | BD8: =IFERROR(__xludf.DUMMYFUNCTION("""COMPUTED_VALUE"""),"Duyệt") -> Duyệt | BE8: =IFERROR(__xludf.DUMMYFUNCTION("""COMPUTED_VALUE"""),"xlg 07/03 14/03") -> xlg 07/03 14/03 | BF8: =IFERROR(__xludf.DUMMYFUNCTION("""COMPUTED_VALUE"""),"Hàng xử lý lại") -> Hàng xử lý lại | BG8: =IFERROR(__xludf.DUMMYFUNCTION("""COMPUTED_VALUE"""),"SYC07032601 N01190825 Dạng SC - Trắng sữa 120,000đ 7/3/2026") -> SYC07032601 N01190825 Dạng SC - Trắng sữa 120,000đ 7/3/2026
A9: =IFERROR(__xludf.DUMMYFUNCTION("""COMPUTED_VALUE"""),22.0) -> 22 | B9: =IFERROR(__xludf.DUMMYFUNCTION("""COMPUTED_VALUE"""),"Dego Cần Thơ") -> Dego Cần Thơ | C9: =IFERROR(__xludf.DUMMYFUNCTION("""COMPUTED_VALUE"""),"ATP23032613") -> ATP23032613 | D9: =IFERROR(__xludf.DUMMYFUNCTION("""COMPUTED_VALUE"""),46104.0) -> 46104 | E9: =IFERROR(__xludf.DUMMYFUNCTION("""COMPUTED_VALUE"""),"Đã duyệt") -> Đã duyệt | F9: =IFERROR(__xludf.DUMMYFUNCTION("""COMPUTED_VALUE"""),"ABA") -> ABA | G9: =IFERROR(__xludf.DUMMYFUNCTION("""COMPUTED_VALUE"""),"HH4806") -> HH4806 | H9: =IFERROR(__xludf.DUMMYFUNCTION("""COMPUTED_VALUE"""),"GC - V - 4806 - CTY HÓA NÔNG CON ONG VÀNG - MAGIE KẼM PLUS (Dạng SC - Xanh lá) - 400ml - 40") -> GC - V - 4806 - CTY HÓA NÔNG CON ONG VÀNG - MAGIE KẼM PLUS (Dạng SC - Xanh lá) - 400ml - 40 | I9: =IFERROR(__xludf.DUMMYFUNCTION("""COMPUTED_VALUE"""),"Phân bón") -> Phân bón | J9: =IFERROR(__xludf.DUMMYFUNCTION("""COMPUTED_VALUE"""),"vi lượng Phú Sĩ FJ-09 Kẽm Mg") -> vi lượng Phú Sĩ FJ-09 Kẽm Mg | K9: =IFERROR(__xludf.DUMMYFUNCTION("""COMPUTED_VALUE"""),"A05200825 - 01") -> A05200825 - 01 | L9: =IFERROR(__xludf.DUMMYFUNCTION("""COMPUTED_VALUE"""),"Dạng SC - Xanh lá") -> Dạng SC - Xanh lá | M9: =IFERROR(__xludf.DUMMYFUNCTION("""COMPUTED_VALUE"""),"Chai") -> Chai | N9: =IFERROR(__xludf.DUMMYFUNCTION("""COMPUTED_VALUE"""),40.0) -> 40 | O9: =IFERROR(__xludf.DUMMYFUNCTION("""COMPUTED_VALUE"""),20.0) -> 20 | P9: =IFERROR(__xludf.DUMMYFUNCTION("""COMPUTED_VALUE"""),800.0) -> 800 | Q9: =IFERROR(__xludf.DUMMYFUNCTION("""COMPUTED_VALUE"""),46115.0) -> 46115 | S9: =IFERROR(__xludf.DUMMYFUNCTION("""COMPUTED_VALUE"""),"lấy chẳn thùng") -> lấy chẳn thùng | W9: =IFERROR(__xludf.DUMMYFUNCTION("""COMPUTED_VALUE"""),"ONG VÀNG - Giá bán 42.000,00 đ - Ngày dự kiến thu tiền: - Dự kiến ngày ra hết hàng: ") -> ONG VÀNG - Giá bán 42.000,00 đ - Ngày dự kiến thu tiền: - Dự kiến ngày ra hết hàng: | Y9: =IFERROR(__xludf.DUMMYFUNCTION("""COMPUTED_VALUE"""),"Dego Cần Thơ") -> Dego Cần Thơ | Z9: =IFERROR(__xludf.DUMMYFUNCTION("""COMPUTED_VALUE"""),"Hàng sẵn kho") -> Hàng sẵn kho | AB9: =IFERROR(__xludf.DUMMYFUNCTION("""COMPUTED_VALUE"""),"đã gửi phiếu 02/04 nhà máy đang kcs lại, nào chốt mới lấy hàng dc đã cho lấy hàng được 12/05 KD báo tầm qua tháng 6 mới lấy hàng (gần tới check lại KD)") -> đã gửi phiếu 02/04 nhà máy đang kcs lại, nào chốt mới lấy hàng dc đã cho lấy hàng được 12/05 KD báo tầm qua tháng 6 mới lấy hàng (gần tới check lại KD) | AD9: =IFERROR(__xludf.DUMMYFUNCTION("""COMPUTED_VALUE"""),910.0) -> 910 | AE9: =IFERROR(__xludf.DUMMYFUNCTION("""COMPUTED_VALUE"""),"đã bàn giao cho nhà máy 23/05") -> đã bàn giao cho nhà máy 23/05 | AF9: =IFERROR(__xludf.DUMMYFUNCTION("""COMPUTED_VALUE"""),"ATP23032613") -> ATP23032613 | AG9: =IFERROR(__xludf.DUMMYFUNCTION("""COMPUTED_VALUE"""),46114.0) -> 46114 | AH9: =IFERROR(__xludf.DUMMYFUNCTION("""COMPUTED_VALUE"""),910.0) -> 910 | AM9: =IFERROR(__xludf.DUMMYFUNCTION("""COMPUTED_VALUE"""),908.0) -> 908 | AZ9: =IFERROR(__xludf.DUMMYFUNCTION("""COMPUTED_VALUE"""),"#REF!") -> #REF! | BA9: =IFERROR(__xludf.DUMMYFUNCTION("""COMPUTED_VALUE"""),"Đủ điều kiện") -> Đủ điều kiện | BB9: =IFERROR(__xludf.DUMMYFUNCTION("""COMPUTED_VALUE"""),"Duyệt") -> Duyệt | BC9: =IFERROR(__xludf.DUMMYFUNCTION("""COMPUTED_VALUE"""),46109.0) -> 46109 | BD9: =IFERROR(__xludf.DUMMYFUNCTION("""COMPUTED_VALUE"""),"Duyệt") -> Duyệt | BE9: =IFERROR(__xludf.DUMMYFUNCTION("""COMPUTED_VALUE"""),"xlg 26/03 28/03") -> xlg 26/03 28/03 | BF9: =IFERROR(__xludf.DUMMYFUNCTION("""COMPUTED_VALUE"""),"Đã xử lí giá") -> Đã xử lí giá | BG9: =IFERROR(__xludf.DUMMYFUNCTION("""COMPUTED_VALUE"""),"A05200825 - 01 Dạng SC - Xanh lá 42,000đ 24/3/2026") -> A05200825 - 01 Dạng SC - Xanh lá 42,000đ 24/3/2026
